speciesA,speciesB,RI,,,
Quercus alba,Quercus bicolor,0,Trelease 1917,morphology,
Quercus alba,Quercus macrocrapa,0,,,
Quercus alba,Quercus montana,0,,,
Quercus alba,Quercus muhlenbergii,0,,,
Quercus alba,Quercus prinoides,0,,,
Quercus alba,Quercus stellata,0,,,
Quercus arizonica,Quercus grisea,0,,,
Quercus bicolor,Quercus macrocrapa,0,,,
Quercus catesbei,Quercus cuneata,0,,,
Quercus catesbei,Quercus incana,0,,,
Quercus catesbei,Quercus nigra,0,,,
Quercus coccinea,Quercus ilicifolia,0,,,
Quercus coccinea,Quercus palustris,0,,,
Quercus coccinea,Quercus rubra,0,,,
Quercus cuneata,Quercus phellos,0,,,
Quercus cuneata,Quercus velutina,0,,,
Quercus douglasii,Quercus garryana,0,,,
Quercus dumosa,Quercus engelmanni,0,,,
Quercus ellipsoidalis,Quercus velutina,0,,,
Quercus emoryi,Quercus grisea,0,,,
Quercus emoryi,Quercus pungens,0,,,
Quercus georgiana,Quercus marilandica,0,,,
Quercus ilicifolia,Quercus marilandica,0,,,
Quercus ilicifolia,Quercus phellos,0,,,
Quercus ilicifolia,Quercus velutina,0,,,
Quercus imbricaria,Quercus marilandica,0,,,
Quercus imbricaria,Quercus palustris,0,,,
Quercus imbricaria,Quercus rubra,0,,,
Quercus imbricaria,Quercus velutina,0,,,
Quercus incana,Quercus cuneata,0,,,
Quercus incana,Quercus laurifolia,0,,,
Quercus incana,Quercus marilandica,0,,,
Quercus incana,Quercus nigra,0,,,
Quercus incana,Quercus velutina,0,,,
Quercus kelloggii,Quercus wislizeni,0,,,
Quercus macrocarpa,Quercus muhlenbergii,0,,,
Quercus marilandica,Quercus nigra,0,,,
Quercus marilandica,Quercus phellos,0,,,
Quercus pagoda,Quercus phellos,0,,,
Quercus palustris,Quercus rubra,0,,,
Quercus phellos,Quercus rubra,0,,,
Quercus phellos,Quercus velutina,0,,,
Quercus rubra,Quercus velutina,0,,,
Quercus agrifolia,Quercus kelloggii,0,Palmer 1948,morphology,
Quercus alba,Quercus lyrata,0,,,
Quercus alba,Quercus robur,0,,,
Quercus bicolor,Quercus lyrata,0,,,
Quercus bicolor,Quercus montana,0,,,
Quercus bicolor,Quercus robur,0,,,
Quercus bicolor,Quercus stellata,0,,,
Quercus bicolor,Quercus virginiana,0,,,
Quercus douglasii,Quercus lobata,0,,,
Quercus dumosa,Quercus lobata,0,,,
Quercus durandii,Quercus lyrata,0,,,
Quercus durandii,Quercus stellata,0,,,
Quercus durandii,Quercus virginana,0,,,
Quercus ellipsoidalis,Quercus rubra,0,,,
Quercus emoryi,Quercus hypoleucoides,0,,,
Quercus falcata,Quercus imbricaria,0,,,
Quercus falcata,Quercus incana,0,,,
Quercus falcata,Quercus laevis,0,,,
Quercus falcata,Quercus marilandica,0,,,
Quercus falcata,Quercus nigra,0,,,
Quercus falcata,Quercus phellos,0,,,
Quercus falcata,Quercus shumardii,0,,,
Quercus falcata,Quercus velutina,0,,,
Quercus georgiana,Quercus marilandica,0,,,
Quercus hypoleucoides,Quercus shumardii,0,,,
Quercus ilicifolia,Quercus rubra,0,,,
Quercus imbricaria,Quercus shumardii,0,,,
Quercus incana,Quercus laevis,0,,,
Quercus incana,Quercus myrtifolia,0,,,
Quercus incana,Quercus obtusa,0,,,
Quercus incana,Quercus phellos,0,,,
Quercus laevis,Quercus laurifolia,0,,,
Quercus laevis,Quercus nigra,0,,,
Quercus lyrata,Quercus stellata,0,,,
Quercus lyrata,Quercus virginiana,0,,,
Quercus macrocarpa,Quercus obtusa,0,,,
Quercus macrocarpa,Quercus prinus,0,,,
Quercus macrocarpa,Quercus stellata,0,,,
Quercus macrocarpa,Quercus robur,0,,,
Quercus macrocarpa,Quercus undulata,0,*,,
Quercus macrocarpa,Quercus virginiana,0,,,
Quercus marilandica,Quercus rubra,0,,,
Quercus marilandica,Quercus shumardii,0,,,
Quercus marilandica,Quercus velutina,0,,,
Quercus montana,Quercus robur,0,,,
Quercus montana,Quercus stellata,0,,,
Quercus nigra,Quercus phellos,0,,,
Quercus nigra,Quercus shumardii,0,,,
Quercus nigra,Quercus velutina,0,,,
Quercus nuttallii,Quercus shumardii,0,,,
Quercus obtusa,Quercus velutina,0,,,
Quercus palustris,Quercus phellos,0,,,
Quercus palustris,Quercus shumardii,0,,,
Quercus palustris,Quercus velutina,0,,,
Quercus phellos,Quercus shumardii,0,,,
Quercus prinoides,Quercus stellata,0,,,
Quercus stellata,Quercus virginiana,0,,,
Quercus grisea,Quercus mohriana,0,Muller 1952,morphology,
Quercus havardi,Quercus mohriana,0,,,
Quercus havardi,Quercus stellata,0,,,
Quercus margaretta,Quercus stellata,0,,,
Quercus mohriana,Quercus stellata,0,,,
Quercus chrysolepis,Quercus dunnii,0,Tucker and Haskell 1960,morphology,
Quercus arizonica,Quercus gambelii,0,Tucker 1961,morphology,
Quercus gambelii,Quercus grisea,0,,,
Quercus gambelii,Quercus havardii,0,,,
Quercus gambelii,Quercus mohriana,0,,,
Quercus gambelii,Quercus muhlenbergii,0,,,
Quercus gambelii,Quercus turbinella,0,,,
Quercus petraea,Quercus robur,0,Cousens 1963,morphology,
Quercus chrysolepis,Quercus tomentella,0,Thorne 1967,morphology,****
Quercus gambelii,Quercus macrocrapa,0,Maze 1968,morphology,
Quercus agrifolia,Quercus wislizeni,0,Brophy and Parnell 1974,morphology,
Quercus alba,Quercus austrina,0,Hardin 1975,morphology,
Quercus alba,Quercus durandii,0,,,
Quercus alba,Quercus margaretta,0,,,
Quercus alba,Quercus michauxii,0,,,
Quercus austrina,Quercus lyrata,0,,,
Quercus austrina,Quercus margaretta,0,,,
Quercus austrina,Quercus stellata,0,,,
Quercus austrina,Quercus virginiana,0,,,
Quercus bicolor,Quercus montana,0,,,
Quercus bicolor,Quercus virginiana,0,,,
Quercus margaretta,Quercus virginiana,0,,,
Quercus michauxii,Quercus lyrata,0,,,
Quercus michauxii,Quercus macrocarpa,0,,,
Quercus minima,Quercus stellata,0,,,
Quercus minima,Quercus virginiana,0,,,
Quercus muhlenbergii,Quercus prinoides,0,,,
Quercus falcata,Quercus pagoda,0,Jensen 1989,reference,
Quercus coccolobifolia,Quercus emoryi,0,Boecklen and Spellenberg 1990,morphology,
Quercus depressipes,Quercus rugosa,0,,,
Quercus castanea,Quercus conzattii,0,Spellenberg and Bacon 1996,morphology,
Quercus coccolobifolia,Quercus conzattii,0,,,
Quercus coccolobifolia,Quercus radiata,0,,,
Quercus coccolobifolia,Quercus tarahumara,0,,,
Quercus conzattii,Quercus crassifolia,0,,,
Quercus conzattii,Quercus eduardii,0,,,
Quercus eduardii,Quercus radiata,0,,,
Quercus canariensis,Quercus faginea,0,Dumolin-Lapegue et al. 1997,genetic,
Quercus canariensis,Quercus frainetto,0,,,
Quercus canariensis,Quercus macranthera,0,,,
Quercus canariensis,Quercus petraea,0,,,
Quercus canariensis,Quercus pubescens,0,,,
Quercus canariensis,Quercus pyrenica,0,,,
Quercus canariensis,Quercus robur,0,,,
Quercus faginea,Quercus frainetto,0,,,
Quercus faginea,Quercus macranthera,0,,,
Quercus faginea,Quercus petraea,0,,,
Quercus faginea,Quercus pubescens,0,,,
Quercus faginea,Quercus pyrenica,0,,,
Quercus faginea,Quercus robur,0,,,
Quercus macranthera,Quercus petraea,0,,,
Quercus macranthera,Quercus pubescens,0,,,
Quercus macranthera,Quercus pyrenica,0,,,
Quercus macranthera,Quercus robur,0,,,
Quercus petraea,Quercus pubescens,0,,,
Quercus petraea,Quercus pyrenica,0,,,
Quercus pubescens,Quercus pyrenica,0,,,
Quercus pubescens,Quercus robur,0,,,
Quercus pyrenica,Quercus robur,0,,,
Quercus cedrosensis,Quercus engelmannii,0,Manos et al. 1999,genetic,inferred from cpDNA phylogeny
Quercus engelmannii,Quercus tormentella,0,,,
Quercus ilex,Quercus suber,0,Behlabib et al. 2001,genetic,
Quercus agrifolia,Quercus parvula,0,Dodd and Kashani 2003,morphology,
Quercus keloggii,Quercus parvula,0,,,
Quercus parvula,Quercus wislizeni,0,,,
Quercus dentata,Quercus mongolica,0,Ishida et al. 2003,morphology/genetic,
Quercus affins,Quercus laurina,0,Gonzalez-Rodriguez et al. 2004,morphology/genetic,
Quercus crassifolia,Quercus laurina,0,,,
Quercus crassipes,Quercus laurina,0,,,
Quercus laurina,Quercus mexicana,0,,,
Quercus laurina,Quercus rubramenta,0,,,
Quercus coccifera,Quercus ilex,0,Jimenez et al. 2004,morphology/genetic,
Quercus canariensis,Quercus faginea,0,Morales et al. 2005,genetic,
Quercus husitanica,Quercus pyrenaica,0,,,
Quercus carniensis,Quercus suber,0,Mir et al. 2006,morphology/genetic,* disputed
Quercus cerris,Quercus suber,0,Conte et al. 2007,genetic,
Quercus aliena,Quercus dentata,0,Okura et al. 2007,genetic,
Quercus aliena,Quercus mongolica,0,,,
Quercus aliena,Quercus serrata,0,,,
Quercus dentata,Quercus serrata,0,,,
Quercus mongolica,Quercus serrata,0,,,
Quercus geminata,Quercus virginiana,0,Cavender-Bares and Pahlch 2009,morphology/genetic,
Quercus hypoleucoides,Quercus scytophylla,0,Penaloza-Ramirez et al. 2010,morphology/genetic,
Quercus hypoleucoides,Quercus sideroxyla,0,,,
Quercus scytophylla,Quercus sideroxyla,0,,,
Quercus alnifolia,Quercus calliprinos,0,Toumi and Lumaret 2010,genetic/reference,
Quercus calliprinos,Quercus coccifera,0,,,
Quercus calliprinos,Quercus ilex,0,,,
Quercus alnifolia,Quercus coccifera,0,Neophytou et al. 2011,reference,
Quercus liaotungensis,Quercus mongolica,0,Zeng et al. 2011,genetic,
Quercus falcata,Quercus rubra,0,Moran et al. 2012,genetic,
Quercus douglasii,Quercus gambelii,0,Gailing and Curtu 2014,reference,
Quercus douglasii,Quercus lobata,0,,,
Quercus douglasii,Quercus turbinella,0,,,
Quercus gambelii,Quercus robur,0,,,
Quercus garryana,Quercus turbinella,0,,,
Quercus lobata,Quercus macrocarpa,0,,,
Quercus lobata,Quercus turbinella,0,,,
Quercus macrocarpa,Quercus mongolica,0,,,
Quercus macrocarpa,Quercus robur,0,,,
Quercus macrocarpa,Quercus turbinella,0,,,
Quercus mongolica,Quercus turbinella,0,,,
Quercus robur,Quercus turbinella,0,,,
Quercus stellata,Quercus turbinella,0,,,
Quercus turbinella,Quercus virginiana,0,,,
Quercus berberidifolia,Quercus engelmannii,0,Ortego et al. 2014,genetic,
Quercus cornelius‐mulleri ,Quercus engelmannii,0,,,
Quercus durata,Quercus engelmannii,0,,,
Quercus acuta,Quercus sessilifolia,0,Tamaki and Okada 2014,genetic,
Quercus fusiformis,Quercus oleoides,0,Cavender-Bares et al. 2015,genetic,
Quercus fusiformis,Quercus virginiana,0,,,
Quercus oleoides,Quercus sagraeanna,0,Eaton et al. 2015,genetic,
Quercus sagraeanna,Quercus virginiana,0,,,
Quercus austrocochinchinensi,Quercus kerrii,0,Song et al. 2015,morphology,
Quercus castanea,Quercus crassifolia,0,Valencia-Cuevas et al. 2015,genetic,
Quercus castanea,Quercus crassipes,0,,,
Quercus castanea,Quercus laurina,0,,,
Quercus castanea,Quercus mexicana,0,,,
Quercus hinckleyii,Quercus pungens,0,Backs et al. 2016,genetic,
Quercus hinckleyii,Quercus vaseyana,0,,,
Quercus magnolifolia,Quercus resinosa,0,Perez-Lopez et al. 2016,reference,
Quercus garryana,Quercus sadleriana,0,McVay et al. 2017b,reference,
Quercus pontica,Quercus robur,0,,,
Quercus pontica,Quercus sadleriana,0,,genetic,
Quercus engelmannii,Quercus lobata,0,Kim et al. 2018,genetic,
Quercus branttii,Quercus macrolepis,0,Simeone et al. 2018,genetic,
Quercus ithaburensis,Quercus libani,0,,,
Quercus libani,Quercus trojana,0,,,
Quercus suber,Quercus trojana,0,,,
Quercus sinuata,Quercus virginiana,1,Muller 1952,morphology,
Quercus sinuata,Quercus laceyi,1,,,
Quercus sinuata,Quercus pungens,1,,,
Quercus sinuata,Quercus mohriana,1,,,
Quercus virginana,Quercus laceyi,1,,,
Quercus virginiana,Quercus pungens,1,,,
Quercus virginiana,Quercus mohriana,1,,,
Quercus laceyi,Quercus pungens,1,,,
Quercus laceyi,Quercus mohriana,1,,,
Quercus pungens,Quercus mohriana,1,,,
Quercus emoryi,Quercus gravesii,1,,,
Quercus hypoleucoides,Quercus gravesii,1,,,
Quercus alba,Quercus championii,1,Hardin 1975,morphology,
Quercus alba,Quercus oglethorpensis,1,,,
Quercus alba,Quercus minima,1,,,
Quercus alba,Quercus virginiana,1,,,
Quercus margaretta,Quercus championii,1,,,
Quercus margaretta,Quercus oglethorpensis,1,,,
Quercus margaretta,Quercus durandii,1,,,
Quercus margaretta,Quercus minima,1,,,
Quercus margaretta,Quercus prinoides,1,,,
Quercus margaretta,Quercus muhlenbergii,1,,,
Quercus margaretta,Quercus michauxii,1,,,
Quercus margaretta,Quercus montana,1,,,
Quercus margaretta,Quercus biocolor,1,,,
Quercus margaretta,Quercus macrocarpa,1,,,
Quercus margaretta,Quercus lyrata,1,,,
Quercus stellata,Quercus championii,1,,,
Quercus stellata,Quercus oglethorpensis,1,,,
Quercus stellata,Quercus muhlenbergii,1,,,
Quercus stellata,Quercus michauxii,1,,,
Quercus austrina,Quercus championii,1,,,
Quercus austrina,Quercus oglethorpensis,1,,,
Quercus austrina,Quercus durandii,1,,,
Quercus austrina,Quercus minima,1,,,
Quercus austrina,Quercus prinoides,1,,,
Quercus austrina,Quercus muhlenbergii,1,,,
Quercus austrina,Quercus michauxii,1,,,
Quercus austrina,Quercus montana,1,,,
Quercus austrina,Quercus bicolor,1,,,
Quercus austrina,Quercus macrocarpa,1,,,
Quercus durandii,Quercus championii,1,,,
Quercus durandii,Quercus oglethorpensis,1,,,
Quercus durandii,Quercus minima,1,,,
Quercus durandii,Quercus virginiana,1,,,
Quercus durandii,Quercus prinoides,1,,,
Quercus durandii,Quercus muhlenbergii,1,,,
Quercus durandii,Quercus michauxii,1,,,
Quercus durandii,Quercus montana,1,,,
Quercus durandii,Quercus bicolor,1,,,
Quercus durandii,Quercus macrocarpa,1,,,
Quercus minima,Quercus championii,1,,,
Quercus minima,Quercus oglethorpensis,1,,,
Quercus minima,Quercus prinoides,1,,,
Quercus minima,Quercus muhlenbergii,1,,,
Quercus minima,Quercus michauxii,1,,,
Quercus minima,Quercus montana,1,,,
Quercus minima,Quercus bicolor,1,,,
Quercus minima,Quercus macrocarpa,1,,,
Quercus minima,Quercus lyrata,1,,,
Quercus virginiana,Quercus championii,1,,,
Quercus virginiana,Quercus oglethorpensis,1,,,
Quercus virginiana,Quercus prinoides,1,,,
Quercus virginiana,Quercus muhlenbergii,1,,,
Quercus virginiana,Quercus michauxii,1,,,
Quercus virginiana,Quercus montana,1,,,
Quercus prinoides,Quercus championii,1,,,
Quercus prinoides,Quercus oglethorpensis,1,,,
Quercus prinoides,Quercus michauxii,1,,,
Quercus prinoides,Quercus montana,1,,,
Quercus prinoides,Quercus bicolor,1,,,
Quercus prinoides,Quercus macrocarpa,1,,,
Quercus prinoides,Quercus lyrata,1,,,
Quercus muhlenbergii,Quercus championii,1,,,
Quercus muhlenbergii,Quercus oglethorpensis,1,,,
Quercus muhlenbergii,Quercus michauxii,1,,,
Quercus muhlenbergii,Quercus montana,1,,,
Quercus muhlenbergii,Quercus bicolor,1,,,
Quercus muhlenbergii,Quercus lyrata,1,,,
Quercus michauxii,Quercus championii,1,,,
Quercus michauxii,Quercus oglethorpensis,1,,,
Quercus michauxii,Quercus montana,1,,,
Quercus michauxii,Quercus bicolor,1,,,
Quercus montana,Quercus championii,1,,,
Quercus montana,Quercus oglethorpensis,1,,,
Quercus montana,Quercus macrocarpa,1,,,
Quercus montana,Quercus lyrata,1,,,
Quercus bicolor,Quercus championii,1,,,
Quercus bicolor,Quercus oglethorpensis,1,,,
Quercus macrocarpa,Quercus championii,1,,,
Quercus macrocarpa,Quercus oglethorpensis,1,,,
Quercus lyrata,Quercus championii,1,,,
Quercus lyrata,Quercus oglethorpensis,1,,,
Quercus chenii,Quercus phillyreoides,1,,,
Quercus chenii,Quercus engleriana,1,,,
Quercus chenii,Quercus semecarpifolia,1,,,
Quercus chenii,Quercus championii,1,,,
Quercus chenii,Quercus myrsinifolia,1,,,
Quercus chenii,Quercus pachyloma,1,,,
Quercus chenii,Quercus falcata,1,,,
Quercus chenii,Quercus dentata,1,,,
Quercus chenii,Quercus griffithii,1,,,
Quercus chenii,Quercus aliena,1,,,
Quercus chenii,Quercus fabri,1,,,
Quercus acutissima,Quercus franchetii,1,,,
Quercus acutissima,Quercus phillyreoides,1,,,
Quercus acutissima,Quercus baronii,1,,,
Quercus acutissima,Quercus engleriana,1,,,
Quercus acutissima,Quercus semecarpifolia,1,,,
Quercus acutissima,Quercus pseudosemecarpifolia,1,,,
Quercus acutissima,Quercus monimotricha,1,,,
Quercus acutissima,Quercus gujavifolia,1,,,
Quercus acutissima,Quercus championii,1,,,
Quercus acutissima,Quercus delavayi,1,,,
Quercus acutissima,Quercus schottkyana,1,,,
Quercus acutissima,Quercus oxyodon,1,,,
Quercus acutissima,Quercus myrsinifolia,1,,,
Quercus acutissima,Quercus salicina,1,,,
Quercus acutissima,Quercus acuta,1,,,
Quercus acutissima,Quercus sessilifolia,1,,,
Quercus acutissima,Quercus blakei,1,,,
Quercus acutissima,Quercus pachyloma,1,,,
Quercus acutissima,Quercus falcata,1,,,
Quercus acutissima,Quercus mongolica,1,,,
Quercus acutissima,Quercus dentata,1,,,
Quercus acutissima,Quercus serrata,1,,,
Quercus acutissima,Quercus griffithii,1,,,
Quercus acutissima,Quercus aliena,1,,,
Quercus acutissima,Quercus fabri,1,,,
Quercus ithaburensis,Quercus phillyreoides,1,,,
Quercus ithaburensis,Quercus texana,1,,,
Quercus ithaburensis,Quercus pagoda,1,,,
Quercus ithaburensis,Quercus falcata,1,,,
Quercus ithaburensis,Quercus macranthera,1,,,
Quercus ithaburensis,Quercus infectoria,1,,,
Quercus ithaburensis,Quercus boissieri,1,,,
Quercus ithaburensis,Quercus frainetto,1,,,
Quercus suber,Quercus phillyreoides,1,,,
Quercus suber,Quercus rotundifolia,1,,,
Quercus suber,Quercus ilex,1,,,
Quercus suber,Quercus coccifera,1,,,
Quercus suber,Quercus texana,1,,,
Quercus suber,Quercus pagoda,1,,,
Quercus suber,Quercus falcata,1,,,
Quercus suber,Quercus costaricensis,1,,,
Quercus suber,Quercus petraea,1,,,
Quercus suber,Quercus robur,1,,,
Quercus suber,Quercus canariensis,1,,,
Quercus suber,Quercus lusitanica,1,,,
Quercus suber,Quercus faginea,1,,,
Quercus suber,Quercus macranthera,1,,,
Quercus suber,Quercus pyrenaica,1,,,
Quercus suber,Quercus pubescens,1,,,
Quercus suber,Quercus frainetto,1,,,
Quercus cerris,Quercus phillyreoides,1,,,
Quercus cerris,Quercus rotundifolia,1,,,
Quercus cerris,Quercus ilex,1,,,
Quercus cerris,Quercus coccifera,1,,,
Quercus cerris,Quercus texana,1,,,
Quercus cerris,Quercus pagoda,1,,,
Quercus cerris,Quercus falcata,1,,,
Quercus cerris,Quercus costaricensis,1,,,
Quercus cerris,Quercus petraea,1,,,
Quercus cerris,Quercus robur,1,,,
Quercus cerris,Quercus canariensis,1,,,
Quercus cerris,Quercus lusitanica,1,,,
Quercus cerris,Quercus faginea,1,,,
Quercus cerris,Quercus macranthera,1,,,
Quercus cerris,Quercus pyrenaica,1,,,
Quercus cerris,Quercus infectoria,1,,,
Quercus cerris,Quercus boissieri,1,,,
Quercus cerris,Quercus pubescens,1,,,
Quercus cerris,Quercus frainetto,1,,,
Quercus franchetii,Quercus delavayi,1,,,
Quercus franchetii,Quercus schottkyana,1,,,
Quercus franchetii,Quercus oxyodon,1,,,
Quercus franchetii,Quercus griffithii,1,,,
Quercus phillyreoides,Quercus championii,1,,,
Quercus phillyreoides,Quercus delavayi,1,,,
Quercus phillyreoides,Quercus kerrii,1,,,
Quercus phillyreoides,Quercus schottkyana,1,,,
Quercus phillyreoides,Quercus oxyodon,1,,,
Quercus phillyreoides,Quercus myrsinifolia,1,,,
Quercus phillyreoides,Quercus salicina,1,,,
Quercus phillyreoides,Quercus acuta,1,,,
Quercus phillyreoides,Quercus sessilifolia,1,,,
Quercus phillyreoides,Quercus blakei,1,,,
Quercus phillyreoides,Quercus pachyloma,1,,,
Quercus phillyreoides,Quercus texana,1,,,
Quercus phillyreoides,Quercus pagoda,1,,,
Quercus phillyreoides,Quercus falcata,1,,,
Quercus phillyreoides,Quercus costaricensis,1,,,
Quercus phillyreoides,Quercus mongolica,1,,,
Quercus phillyreoides,Quercus dentata,1,,,
Quercus phillyreoides,Quercus serrata,1,,,
Quercus phillyreoides,Quercus griffithii,1,,,
Quercus phillyreoides,Quercus aliena,1,,,
Quercus phillyreoides,Quercus fabri,1,,,
Quercus phillyreoides,Quercus robur,1,,,
Quercus phillyreoides,Quercus canariensis,1,,,
Quercus phillyreoides,Quercus lusitanica,1,,,
Quercus phillyreoides,Quercus faginea,1,,,
Quercus phillyreoides,Quercus macranthera,1,,,
Quercus phillyreoides,Quercus pyrenaica,1,,,
Quercus phillyreoides,Quercus infectoria,1,,,
Quercus phillyreoides,Quercus boissieri,1,,,
Quercus phillyreoides,Quercus pubescens,1,,,
Quercus phillyreoides,Quercus frainetto,1,,,
Quercus baronii,Quercus championii,1,,,
Quercus baronii,Quercus schottkyana,1,,,
Quercus baronii,Quercus oxyodon,1,,,
Quercus baronii,Quercus falcata,1,,,
Quercus baronii,Quercus griffithii,1,,,
Quercus rotundifolia,Quercus texana,1,,,
Quercus rotundifolia,Quercus pagoda,1,,,
Quercus rotundifolia,Quercus falcata,1,,,
Quercus rotundifolia,Quercus costaricensis,1,,,
Quercus rotundifolia,Quercus canariensis,1,,,
Quercus rotundifolia,Quercus lusitanica,1,,,
Quercus rotundifolia,Quercus faginea,1,,,
Quercus rotundifolia,Quercus pyrenaica,1,,,
Quercus rotundifolia,Quercus frainetto,1,,,
Quercus ilex,Quercus texana,1,,,
Quercus ilex,Quercus pagoda,1,,,
Quercus ilex,Quercus falcata,1,,,
Quercus ilex,Quercus costaricensis,1,,,
Quercus ilex,Quercus petraea,1,,,
Quercus ilex,Quercus robur,1,,,
Quercus ilex,Quercus canariensis,1,,,
Quercus ilex,Quercus lusitanica,1,,,
Quercus ilex,Quercus faginea,1,,,
Quercus ilex,Quercus macranthera,1,,,
Quercus ilex,Quercus pyrenaica,1,,,
Quercus ilex,Quercus pubescens,1,,,
Quercus ilex,Quercus frainetto,1,,,
Quercus coccifera,Quercus texana,1,,,
Quercus coccifera,Quercus pagoda,1,,,
Quercus coccifera,Quercus falcata,1,,,
Quercus coccifera,Quercus costaricensis,1,,,
Quercus coccifera,Quercus robur,1,,,
Quercus coccifera,Quercus canariensis,1,,,
Quercus coccifera,Quercus lusitanica,1,,,
Quercus coccifera,Quercus faginea,1,,,
Quercus coccifera,Quercus macranthera,1,,,
Quercus coccifera,Quercus pyrenaica,1,,,
Quercus coccifera,Quercus pubescens,1,,,
Quercus coccifera,Quercus frainetto,1,,,
Quercus engleriana,Quercus championii,1,,,
Quercus engleriana,Quercus schottkyana,1,,,
Quercus engleriana,Quercus oxyodon,1,,,
Quercus engleriana,Quercus blakei,1,,,
Quercus engleriana,Quercus pachyloma,1,,,
Quercus engleriana,Quercus falcata,1,,,
Quercus engleriana,Quercus griffithii,1,,,
Quercus engleriana,Quercus fabri,1,,,
Quercus semecarpifolia,Quercus championii,1,,,
Quercus semecarpifolia,Quercus delavayi,1,,,
Quercus semecarpifolia,Quercus kerrii,1,,,
Quercus semecarpifolia,Quercus schottkyana,1,,,
Quercus semecarpifolia,Quercus oxyodon,1,,,
Quercus semecarpifolia,Quercus blakei,1,,,
Quercus semecarpifolia,Quercus pachyloma,1,,,
Quercus semecarpifolia,Quercus texana,1,,,
Quercus semecarpifolia,Quercus pagoda,1,,,
Quercus semecarpifolia,Quercus falcata,1,,,
Quercus semecarpifolia,Quercus griffithii,1,,,
Quercus semecarpifolia,Quercus fabri,1,,,
Quercus pseudosemecarpifolia,Quercus delavayi,1,,,
Quercus pseudosemecarpifolia,Quercus schottkyana,1,,,
Quercus pseudosemecarpifolia,Quercus oxyodon,1,,,
Quercus pseudosemecarpifolia,Quercus falcata,1,,,
Quercus pseudosemecarpifolia,Quercus griffithii,1,,,
Quercus monimotricha,Quercus delavayi,1,,,
Quercus monimotricha,Quercus schottkyana,1,,,
Quercus monimotricha,Quercus oxyodon,1,,,
Quercus monimotricha,Quercus falcata,1,,,
Quercus monimotricha,Quercus griffithii,1,,,
Quercus gujavifolia,Quercus delavayi,1,,,
Quercus gujavifolia,Quercus schottkyana,1,,,
Quercus gujavifolia,Quercus oxyodon,1,,,
Quercus gujavifolia,Quercus falcata,1,,,
Quercus gujavifolia,Quercus griffithii,1,,,
Quercus longispica,Quercus delavayi,1,,,
Quercus longispica,Quercus schottkyana,1,,,
Quercus longispica,Quercus oxyodon,1,,,
Quercus longispica,Quercus falcata,1,,,
Quercus longispica,Quercus griffithii,1,,,
Quercus championii,Quercus falcata,1,,,
Quercus championii,Quercus griffithii,1,,,
Quercus championii,Quercus aliena,1,,,
Quercus championii,Quercus fabri,1,,,
Quercus delavayi,Quercus griffithii,1,,,
Quercus kerrii,Quercus griffithii,1,,,
Quercus schottkyana,Quercus falcata,1,,,
Quercus schottkyana,Quercus griffithii,1,,,
Quercus oxyodon,Quercus falcata,1,,,
Quercus oxyodon,Quercus griffithii,1,,,
Quercus myrsinifolia,Quercus mongolica,1,,,
Quercus myrsinifolia,Quercus dentata,1,,,
Quercus myrsinifolia,Quercus serrata,1,,,
Quercus myrsinifolia,Quercus griffithii,1,,,
Quercus myrsinifolia,Quercus aliena,1,,,
Quercus myrsinifolia,Quercus fabri,1,,,
Quercus salicina,Quercus mongolica,1,,,
Quercus salicina,Quercus dentata,1,,,
Quercus salicina,Quercus serrata,1,,,
Quercus acuta,Quercus mongolica,1,,,
Quercus acuta,Quercus dentata,1,,,
Quercus acuta,Quercus serrata,1,,,
Quercus sessilifolia,Quercus mongolica,1,,,
Quercus sessilifolia,Quercus dentata,1,,,
Quercus sessilifolia,Quercus serrata,1,,,
Quercus blakei,Quercus griffithii,1,,,
Quercus blakei,Quercus fabri,1,,,
Quercus pachyloma,Quercus dentata,1,,,
Quercus pachyloma,Quercus griffithii,1,,,
Quercus pachyloma,Quercus aliena,1,,,
Quercus pachyloma,Quercus fabri,1,,,
Quercus kelloggii,Quercus palmeri,1,,,
Quercus kelloggii,Quercus vacciniifolia,1,,,
Quercus kelloggii,Quercus tomentella,1,,,
Quercus kelloggii,Quercus chrysolepis,1,,,
Quercus kelloggii,Quercus sadleriana,1,,,
Quercus kelloggii,Quercus lobata,1,,,
Quercus kelloggii,Quercus garryana,1,,,
Quercus kelloggii,Quercus engelmannii,1,,,
Quercus kelloggii,Quercus durata,1,,,
Quercus kelloggii,Quercus berberidifolia,1,,,
Quercus kelloggii,Quercus douglasii,1,,,
Quercus kelloggii,Quercus john-tuckeri,1,,,
Quercus kelloggii,Quercus cornelius-mulleri,1,,,
Quercus kelloggii,Quercus dumosa,1,,,
Quercus kelloggii,Quercus turbinella,1,,,
Quercus wislizeni,Quercus cedrosensis,1,,,
Quercus wislizeni,Quercus palmeri,1,,,
Quercus wislizeni,Quercus vacciniifolia,1,,,
Quercus wislizeni,Quercus tomentella,1,,,
Quercus wislizeni,Quercus chrysolepis,1,,,
Quercus wislizeni,Quercus lobata,1,,,
Quercus wislizeni,Quercus garryana,1,,,
Quercus wislizeni,Quercus engelmannii,1,,,
Quercus wislizeni,Quercus durata,1,,,
Quercus wislizeni,Quercus berberidifolia,1,,,
Quercus wislizeni,Quercus douglasii,1,,,
Quercus wislizeni,Quercus john-tuckeri,1,,,
Quercus wislizeni,Quercus cornelius-mulleri,1,,,
Quercus wislizeni,Quercus dumosa,1,,,
Quercus wislizeni,Quercus turbinella,1,,,
Quercus agrifolia,Quercus cedrosensis,1,,,
Quercus agrifolia,Quercus palmeri,1,,,
Quercus agrifolia,Quercus vacciniifolia,1,,,
Quercus agrifolia,Quercus tomentella,1,,,
Quercus agrifolia,Quercus chrysolepis,1,,,
Quercus agrifolia,Quercus lobata,1,,,
Quercus agrifolia,Quercus garryana,1,,,
Quercus agrifolia,Quercus engelmannii,1,,,
Quercus agrifolia,Quercus durata,1,,,
Quercus agrifolia,Quercus berberidifolia,1,,,
Quercus agrifolia,Quercus douglasii,1,,,
Quercus agrifolia,Quercus john-tuckeri,1,,,
Quercus agrifolia,Quercus cornelius-mulleri,1,,,
Quercus agrifolia,Quercus dumosa,1,,,
Quercus agrifolia,Quercus turbinella,1,,,
Quercus texana,Quercus fusiformis,1,,,
Quercus texana,Quercus prinoides,1,,,
Quercus texana,Quercus muehlenbergii,1,,,
Quercus texana,Quercus macrocarpa,1,,,
Quercus texana,Quercus lyrata,1,,,
Quercus texana,Quercus bicolor,1,,,
Quercus texana,Quercus montana,1,,,
Quercus texana,Quercus michauxii,1,,,
Quercus texana,Quercus alba,1,,,
Quercus texana,Quercus griffithii,1,,,
Quercus texana,Quercus petraea,1,,,
Quercus texana,Quercus robur,1,,,
Quercus texana,Quercus canariensis,1,,,
Quercus texana,Quercus lusitanica,1,,,
Quercus texana,Quercus faginea,1,,,
Quercus texana,Quercus macranthera,1,,,
Quercus texana,Quercus pyrenaica,1,,,
Quercus texana,Quercus infectoria,1,,,
Quercus texana,Quercus boissieri,1,,,
Quercus texana,Quercus pubescens,1,,,
Quercus texana,Quercus frainetto,1,,,
Quercus texana,Quercus mohriana,1,,,
Quercus texana,Quercus polymorpha,1,,,
Quercus texana,Quercus laceyi,1,,,
Quercus texana,Quercus vaseyana,1,,,
Quercus texana,Quercus pungens,1,,,
Quercus texana,Quercus sinuata,1,,,
Quercus texana,Quercus havardii,1,,,
Quercus texana,Quercus margarettae,1,,,
Quercus texana,Quercus stellata,1,,,
Quercus texana,Quercus rugosa,1,,,
Quercus texana,Quercus glaucoides,1,,,
Quercus texana,Quercus grisea,1,,,
Quercus texana,Quercus turbinella,1,,,
Quercus palustris,Quercus cedrosensis,1,,,
Quercus palustris,Quercus palmeri,1,,,
Quercus palustris,Quercus vacciniifolia,1,,,
Quercus palustris,Quercus tomentella,1,,,
Quercus palustris,Quercus chrysolepis,1,,,
Quercus palustris,Quercus sadleriana,1,,,
Quercus palustris,Quercus fusiformis,1,,,
Quercus palustris,Quercus prinoides,1,,,
Quercus palustris,Quercus muehlenbergii,1,,,
Quercus palustris,Quercus macrocarpa,1,,,
Quercus palustris,Quercus lyrata,1,,,
Quercus palustris,Quercus bicolor,1,,,
Quercus palustris,Quercus lobata,1,,,
Quercus palustris,Quercus garryana,1,,,
Quercus palustris,Quercus engelmannii,1,,,
Quercus palustris,Quercus durata,1,,,
Quercus palustris,Quercus berberidifolia,1,,,
Quercus palustris,Quercus douglasii,1,,,
Quercus palustris,Quercus john-tuckeri,1,,,
Quercus palustris,Quercus cornelius-mulleri,1,,,
Quercus palustris,Quercus dumosa,1,,,
Quercus palustris,Quercus montana,1,,,
Quercus palustris,Quercus michauxii,1,,,
Quercus palustris,Quercus alba,1,,,
Quercus palustris,Quercus mohriana,1,,,
Quercus palustris,Quercus polymorpha,1,,,
Quercus palustris,Quercus laceyi,1,,,
Quercus palustris,Quercus vaseyana,1,,,
Quercus palustris,Quercus pungens,1,,,
Quercus palustris,Quercus sinuata,1,,,
Quercus palustris,Quercus havardii,1,,,
Quercus palustris,Quercus margarettae,1,,,
Quercus palustris,Quercus stellata,1,,,
Quercus palustris,Quercus rugosa,1,,,
Quercus palustris,Quercus grisea,1,,,
Quercus palustris,Quercus oblongifolia,1,,,
Quercus palustris,Quercus toumeyi,1,,,
Quercus palustris,Quercus turbinella,1,,,
Quercus ilicifolia,Quercus prinoides,1,,,
Quercus ilicifolia,Quercus muehlenbergii,1,,,
Quercus ilicifolia,Quercus lyrata,1,,,
Quercus ilicifolia,Quercus bicolor,1,,,
Quercus ilicifolia,Quercus montana,1,,,
Quercus ilicifolia,Quercus michauxii,1,,,
Quercus ilicifolia,Quercus alba,1,,,
Quercus ilicifolia,Quercus stellata,1,,,
Quercus velutina,Quercus prinoides,1,,,
Quercus velutina,Quercus muehlenbergii,1,,,
Quercus velutina,Quercus macrocarpa,1,,,
Quercus velutina,Quercus lyrata,1,,,
Quercus velutina,Quercus bicolor,1,,,
Quercus velutina,Quercus montana,1,,,
Quercus velutina,Quercus michauxii,1,,,
Quercus velutina,Quercus alba,1,,,
Quercus velutina,Quercus polymorpha,1,,,
Quercus velutina,Quercus sinuata,1,,,
Quercus velutina,Quercus margarettae,1,,,
Quercus velutina,Quercus stellata,1,,,
Quercus imbricaria,Quercus prinoides,1,,,
Quercus imbricaria,Quercus muehlenbergii,1,,,
Quercus imbricaria,Quercus macrocarpa,1,,,
Quercus imbricaria,Quercus lyrata,1,,,
Quercus imbricaria,Quercus bicolor,1,,,
Quercus imbricaria,Quercus montana,1,,,
Quercus imbricaria,Quercus michauxii,1,,,
Quercus imbricaria,Quercus alba,1,,,
Quercus imbricaria,Quercus sinuata,1,,,
Quercus imbricaria,Quercus margarettae,1,,,
Quercus imbricaria,Quercus stellata,1,,,
Quercus ellipsoidalis,Quercus prinoides,1,,,
Quercus ellipsoidalis,Quercus muehlenbergii,1,,,
Quercus ellipsoidalis,Quercus macrocarpa,1,,,
Quercus ellipsoidalis,Quercus lyrata,1,,,
Quercus ellipsoidalis,Quercus bicolor,1,,,
Quercus ellipsoidalis,Quercus montana,1,,,
Quercus ellipsoidalis,Quercus michauxii,1,,,
Quercus ellipsoidalis,Quercus alba,1,,,
Quercus ellipsoidalis,Quercus stellata,1,,,
Quercus shumardii,Quercus fusiformis,1,,,
Quercus shumardii,Quercus prinoides,1,,,
Quercus shumardii,Quercus muehlenbergii,1,,,
Quercus shumardii,Quercus macrocarpa,1,,,
Quercus shumardii,Quercus lyrata,1,,,
Quercus shumardii,Quercus bicolor,1,,,
Quercus shumardii,Quercus montana,1,,,
Quercus shumardii,Quercus michauxii,1,,,
Quercus shumardii,Quercus alba,1,,,
Quercus shumardii,Quercus mohriana,1,,,
Quercus shumardii,Quercus polymorpha,1,,,
Quercus shumardii,Quercus laceyi,1,,,
Quercus shumardii,Quercus vaseyana,1,,,
Quercus shumardii,Quercus pungens,1,,,
Quercus shumardii,Quercus sinuata,1,,,
Quercus shumardii,Quercus havardii,1,,,
Quercus shumardii,Quercus margarettae,1,,,
Quercus shumardii,Quercus stellata,1,,,
Quercus shumardii,Quercus glaucoides,1,,,
Quercus rubra,Quercus prinoides,1,,,
Quercus rubra,Quercus muehlenbergii,1,,,
Quercus rubra,Quercus macrocarpa,1,,,
Quercus rubra,Quercus lyrata,1,,,
Quercus rubra,Quercus bicolor,1,,,
Quercus rubra,Quercus montana,1,,,
Quercus rubra,Quercus michauxii,1,,,
Quercus rubra,Quercus alba,1,,,
Quercus rubra,Quercus polymorpha,1,,,
Quercus rubra,Quercus sinuata,1,,,
Quercus rubra,Quercus margarettae,1,,,
Quercus rubra,Quercus stellata,1,,,
Quercus coccinea,Quercus palmeri,1,,,
Quercus coccinea,Quercus tomentella,1,,,
Quercus coccinea,Quercus chrysolepis,1,,,
Quercus coccinea,Quercus fusiformis,1,,,
Quercus coccinea,Quercus prinoides,1,,,
Quercus coccinea,Quercus muehlenbergii,1,,,
Quercus coccinea,Quercus macrocarpa,1,,,
Quercus coccinea,Quercus lyrata,1,,,
Quercus coccinea,Quercus bicolor,1,,,
Quercus coccinea,Quercus engelmannii,1,,,
Quercus coccinea,Quercus berberidifolia,1,,,
Quercus coccinea,Quercus john-tuckeri,1,,,
Quercus coccinea,Quercus cornelius-mulleri,1,,,
Quercus coccinea,Quercus dumosa,1,,,
Quercus coccinea,Quercus montana,1,,,
Quercus coccinea,Quercus michauxii,1,,,
Quercus coccinea,Quercus alba,1,,,
Quercus coccinea,Quercus mohriana,1,,,
Quercus coccinea,Quercus polymorpha,1,,,
Quercus coccinea,Quercus laceyi,1,,,
Quercus coccinea,Quercus vaseyana,1,,,
Quercus coccinea,Quercus pungens,1,,,
Quercus coccinea,Quercus sinuata,1,,,
Quercus coccinea,Quercus havardii,1,,,
Quercus coccinea,Quercus margarettae,1,,,
Quercus coccinea,Quercus stellata,1,,,
Quercus coccinea,Quercus rugosa,1,,,
Quercus coccinea,Quercus grisea,1,,,
Quercus coccinea,Quercus toumeyi,1,,,
Quercus coccinea,Quercus turbinella,1,,,
Quercus pagoda,Quercus prinoides,1,,,
Quercus pagoda,Quercus muehlenbergii,1,,,
Quercus pagoda,Quercus macrocarpa,1,,,
Quercus pagoda,Quercus lyrata,1,,,
Quercus pagoda,Quercus bicolor,1,,,
Quercus pagoda,Quercus montana,1,,,
Quercus pagoda,Quercus michauxii,1,,,
Quercus pagoda,Quercus alba,1,,,
Quercus pagoda,Quercus griffithii,1,,,
Quercus pagoda,Quercus robur,1,,,
Quercus pagoda,Quercus canariensis,1,,,
Quercus pagoda,Quercus lusitanica,1,,,
Quercus pagoda,Quercus faginea,1,,,
Quercus pagoda,Quercus macranthera,1,,,
Quercus pagoda,Quercus pyrenaica,1,,,
Quercus pagoda,Quercus infectoria,1,,,
Quercus pagoda,Quercus boissieri,1,,,
Quercus pagoda,Quercus pubescens,1,,,
Quercus pagoda,Quercus frainetto,1,,,
Quercus pagoda,Quercus polymorpha,1,,,
Quercus pagoda,Quercus sinuata,1,,,
Quercus pagoda,Quercus margarettae,1,,,
Quercus pagoda,Quercus stellata,1,,,
Quercus arkansana,Quercus muehlenbergii,1,,,
Quercus arkansana,Quercus lyrata,1,,,
Quercus arkansana,Quercus montana,1,,,
Quercus arkansana,Quercus michauxii,1,,,
Quercus arkansana,Quercus alba,1,,,
Quercus arkansana,Quercus sinuata,1,,,
Quercus arkansana,Quercus margarettae,1,,,
Quercus arkansana,Quercus stellata,1,,,
Quercus falcata,Quercus palmeri,1,,,
Quercus falcata,Quercus vacciniifolia,1,,,
Quercus falcata,Quercus chrysolepis,1,,,
Quercus falcata,Quercus fusiformis,1,,,
Quercus falcata,Quercus prinoides,1,,,
Quercus falcata,Quercus muehlenbergii,1,,,
Quercus falcata,Quercus macrocarpa,1,,,
Quercus falcata,Quercus lyrata,1,,,
Quercus falcata,Quercus bicolor,1,,,
Quercus falcata,Quercus lobata,1,,,
Quercus falcata,Quercus garryana,1,,,
Quercus falcata,Quercus durata,1,,,
Quercus falcata,Quercus berberidifolia,1,,,
Quercus falcata,Quercus douglasii,1,,,
Quercus falcata,Quercus dumosa,1,,,
Quercus falcata,Quercus montana,1,,,
Quercus falcata,Quercus michauxii,1,,,
Quercus falcata,Quercus alba,1,,,
Quercus falcata,Quercus griffithii,1,,,
Quercus falcata,Quercus aliena,1,,,
Quercus falcata,Quercus fabri,1,,,
Quercus falcata,Quercus petraea,1,,,
Quercus falcata,Quercus robur,1,,,
Quercus falcata,Quercus canariensis,1,,,
Quercus falcata,Quercus lusitanica,1,,,
Quercus falcata,Quercus faginea,1,,,
Quercus falcata,Quercus macranthera,1,,,
Quercus falcata,Quercus pyrenaica,1,,,
Quercus falcata,Quercus infectoria,1,,,
Quercus falcata,Quercus boissieri,1,,,
Quercus falcata,Quercus pubescens,1,,,
Quercus falcata,Quercus frainetto,1,,,
Quercus falcata,Quercus mohriana,1,,,
Quercus falcata,Quercus polymorpha,1,,,
Quercus falcata,Quercus laceyi,1,,,
Quercus falcata,Quercus vaseyana,1,,,
Quercus falcata,Quercus pungens,1,,,
Quercus falcata,Quercus sinuata,1,,,
Quercus falcata,Quercus havardii,1,,,
Quercus falcata,Quercus margarettae,1,,,
Quercus falcata,Quercus stellata,1,,,
Quercus falcata,Quercus rugosa,1,,,
Quercus falcata,Quercus grisea,1,,,
Quercus falcata,Quercus turbinella,1,,,
Quercus nigra,Quercus fusiformis,1,,,
Quercus nigra,Quercus prinoides,1,,,
Quercus nigra,Quercus muehlenbergii,1,,,
Quercus nigra,Quercus macrocarpa,1,,,
Quercus nigra,Quercus lyrata,1,,,
Quercus nigra,Quercus bicolor,1,,,
Quercus nigra,Quercus montana,1,,,
Quercus nigra,Quercus michauxii,1,,,
Quercus nigra,Quercus alba,1,,,
Quercus nigra,Quercus mohriana,1,,,
Quercus nigra,Quercus polymorpha,1,,,
Quercus nigra,Quercus laceyi,1,,,
Quercus nigra,Quercus vaseyana,1,,,
Quercus nigra,Quercus sinuata,1,,,
Quercus nigra,Quercus margarettae,1,,,
Quercus nigra,Quercus stellata,1,,,
Quercus laurifolia,Quercus fusiformis,1,,,
Quercus laurifolia,Quercus prinoides,1,,,
Quercus laurifolia,Quercus muehlenbergii,1,,,
Quercus laurifolia,Quercus macrocarpa,1,,,
Quercus laurifolia,Quercus lyrata,1,,,
Quercus laurifolia,Quercus bicolor,1,,,
Quercus laurifolia,Quercus montana,1,,,
Quercus laurifolia,Quercus michauxii,1,,,
Quercus laurifolia,Quercus alba,1,,,
Quercus laurifolia,Quercus mohriana,1,,,
Quercus laurifolia,Quercus polymorpha,1,,,
Quercus laurifolia,Quercus laceyi,1,,,
Quercus laurifolia,Quercus vaseyana,1,,,
Quercus laurifolia,Quercus pungens,1,,,
Quercus laurifolia,Quercus sinuata,1,,,
Quercus laurifolia,Quercus margarettae,1,,,
Quercus laurifolia,Quercus stellata,1,,,
Quercus laurifolia,Quercus martinezii,1,,,
Quercus laurifolia,Quercus germana,1,,,
Quercus laurifolia,Quercus lancifolia,1,,,
Quercus laurifolia,Quercus insignis,1,,,
Quercus laurifolia,Quercus corrugata,1,,,
Quercus laurifolia,Quercus copeyensis,1,,,
Quercus laurifolia,Quercus liebmanii,1,,,
Quercus laurifolia,Quercus glaucescens,1,,,
Quercus laurifolia,Quercus magnoliifolia,1,,,
Quercus laurifolia,Quercus resinosa,1,,,
Quercus laurifolia,Quercus subspathulata,1,,,
Quercus laurifolia,Quercus segoviensis,1,,,
Quercus laurifolia,Quercus potosina,1,,,
Quercus laurifolia,Quercus striatula,1,,,
Quercus laurifolia,Quercus glabrescens,1,,,
Quercus laurifolia,Quercus rugosa,1,,,
Quercus laurifolia,Quercus greggii,1,,,
Quercus laurifolia,Quercus obtusata,1,,,
Quercus laurifolia,Quercus peduncularis,1,,,
Quercus laurifolia,Quercus deserticola,1,,,
Quercus laurifolia,Quercus diversifolia,1,,,
Quercus laurifolia,Quercus glaucoides,1,,,
Quercus phellos,Quercus prinoides,1,,,
Quercus phellos,Quercus muehlenbergii,1,,,
Quercus phellos,Quercus macrocarpa,1,,,
Quercus phellos,Quercus lyrata,1,,,
Quercus phellos,Quercus bicolor,1,,,
Quercus phellos,Quercus montana,1,,,
Quercus phellos,Quercus michauxii,1,,,
Quercus phellos,Quercus alba,1,,,
Quercus phellos,Quercus polymorpha,1,,,
Quercus phellos,Quercus sinuata,1,,,
Quercus phellos,Quercus margarettae,1,,,
Quercus phellos,Quercus stellata,1,,,
Quercus laevis,Quercus prinoides,1,,,
Quercus laevis,Quercus muehlenbergii,1,,,
Quercus laevis,Quercus lyrata,1,,,
Quercus laevis,Quercus bicolor,1,,,
Quercus laevis,Quercus montana,1,,,
Quercus laevis,Quercus michauxii,1,,,
Quercus laevis,Quercus alba,1,,,
Quercus laevis,Quercus polymorpha,1,,,
Quercus laevis,Quercus sinuata,1,,,
Quercus laevis,Quercus margarettae,1,,,
Quercus laevis,Quercus stellata,1,,,
Quercus marilandica,Quercus fusiformis,1,,,
Quercus marilandica,Quercus prinoides,1,,,
Quercus marilandica,Quercus muehlenbergii,1,,,
Quercus marilandica,Quercus macrocarpa,1,,,
Quercus marilandica,Quercus lyrata,1,,,
Quercus marilandica,Quercus bicolor,1,,,
Quercus marilandica,Quercus montana,1,,,
Quercus marilandica,Quercus michauxii,1,,,
Quercus marilandica,Quercus alba,1,,,
Quercus marilandica,Quercus mohriana,1,,,
Quercus marilandica,Quercus polymorpha,1,,,
Quercus marilandica,Quercus sinuata,1,,,
Quercus marilandica,Quercus margarettae,1,,,
Quercus marilandica,Quercus stellata,1,,,
Quercus incana,Quercus palmeri,1,,,
Quercus incana,Quercus tomentella,1,,,
Quercus incana,Quercus chrysolepis,1,,,
Quercus incana,Quercus fusiformis,1,,,
Quercus incana,Quercus prinoides,1,,,
Quercus incana,Quercus muehlenbergii,1,,,
Quercus incana,Quercus macrocarpa,1,,,
Quercus incana,Quercus lyrata,1,,,
Quercus incana,Quercus bicolor,1,,,
Quercus incana,Quercus lobata,1,,,
Quercus incana,Quercus engelmannii,1,,,
Quercus incana,Quercus berberidifolia,1,,,
Quercus incana,Quercus douglasii,1,,,
Quercus incana,Quercus john-tuckeri,1,,,
Quercus incana,Quercus cornelius-mulleri,1,,,
Quercus incana,Quercus dumosa,1,,,
Quercus incana,Quercus montana,1,,,
Quercus incana,Quercus michauxii,1,,,
Quercus incana,Quercus alba,1,,,
Quercus incana,Quercus mohriana,1,,,
Quercus incana,Quercus polymorpha,1,,,
Quercus incana,Quercus laceyi,1,,,
Quercus incana,Quercus vaseyana,1,,,
Quercus incana,Quercus pungens,1,,,
Quercus incana,Quercus sinuata,1,,,
Quercus incana,Quercus havardii,1,,,
Quercus incana,Quercus margarettae,1,,,
Quercus incana,Quercus stellata,1,,,
Quercus incana,Quercus rugosa,1,,,
Quercus incana,Quercus glaucoides,1,,,
Quercus incana,Quercus grisea,1,,,
Quercus incana,Quercus oblongifolia,1,,,
Quercus incana,Quercus toumeyi,1,,,
Quercus incana,Quercus turbinella,1,,,
Quercus gravesii,Quercus fusiformis,1,,,
Quercus gravesii,Quercus michauxii,1,,,
Quercus gravesii,Quercus mohriana,1,,,
Quercus gravesii,Quercus polymorpha,1,,,
Quercus gravesii,Quercus laceyi,1,,,
Quercus gravesii,Quercus vaseyana,1,,,
Quercus gravesii,Quercus pungens,1,,,
Quercus gravesii,Quercus sinuata,1,,,
Quercus gravesii,Quercus germana,1,,,
Quercus gravesii,Quercus potosina,1,,,
Quercus gravesii,Quercus striatula,1,,,
Quercus gravesii,Quercus glabrescens,1,,,
Quercus gravesii,Quercus rugosa,1,,,
Quercus gravesii,Quercus greggii,1,,,
Quercus gravesii,Quercus obtusata,1,,,
Quercus gravesii,Quercus deserticola,1,,,
Quercus gravesii,Quercus diversifolia,1,,,
Quercus gravesii,Quercus glaucoides,1,,,
Quercus gravesii,Quercus grisea,1,,,
Quercus canbyi,Quercus fusiformis,1,,,
Quercus canbyi,Quercus michauxii,1,,,
Quercus canbyi,Quercus mohriana,1,,,
Quercus canbyi,Quercus polymorpha,1,,,
Quercus canbyi,Quercus laceyi,1,,,
Quercus canbyi,Quercus vaseyana,1,,,
Quercus canbyi,Quercus pungens,1,,,
Quercus canbyi,Quercus sinuata,1,,,
Quercus canbyi,Quercus martinezii,1,,,
Quercus canbyi,Quercus germana,1,,,
Quercus canbyi,Quercus lancifolia,1,,,
Quercus canbyi,Quercus insignis,1,,,
Quercus canbyi,Quercus corrugata,1,,,
Quercus canbyi,Quercus liebmanii,1,,,
Quercus canbyi,Quercus glaucescens,1,,,
Quercus canbyi,Quercus magnoliifolia,1,,,
Quercus canbyi,Quercus resinosa,1,,,
Quercus canbyi,Quercus subspathulata,1,,,
Quercus canbyi,Quercus potosina,1,,,
Quercus canbyi,Quercus striatula,1,,,
Quercus canbyi,Quercus glabrescens,1,,,
Quercus canbyi,Quercus rugosa,1,,,
Quercus canbyi,Quercus greggii,1,,,
Quercus canbyi,Quercus obtusata,1,,,
Quercus canbyi,Quercus peduncularis,1,,,
Quercus canbyi,Quercus deserticola,1,,,
Quercus canbyi,Quercus diversifolia,1,,,
Quercus canbyi,Quercus glaucoides,1,,,
Quercus canbyi,Quercus grisea,1,,,
Quercus gentryi,Quercus polymorpha,1,,,
Quercus gentryi,Quercus laceyi,1,,,
Quercus gentryi,Quercus pungens,1,,,
Quercus gentryi,Quercus martinezii,1,,,
Quercus gentryi,Quercus germana,1,,,
Quercus gentryi,Quercus lancifolia,1,,,
Quercus gentryi,Quercus insignis,1,,,
Quercus gentryi,Quercus corrugata,1,,,
Quercus gentryi,Quercus liebmanii,1,,,
Quercus gentryi,Quercus glaucescens,1,,,
Quercus gentryi,Quercus magnoliifolia,1,,,
Quercus gentryi,Quercus resinosa,1,,,
Quercus gentryi,Quercus subspathulata,1,,,
Quercus gentryi,Quercus potosina,1,,,
Quercus gentryi,Quercus striatula,1,,,
Quercus gentryi,Quercus glabrescens,1,,,
Quercus gentryi,Quercus rugosa,1,,,
Quercus gentryi,Quercus greggii,1,,,
Quercus gentryi,Quercus obtusata,1,,,
Quercus gentryi,Quercus peduncularis,1,,,
Quercus gentryi,Quercus deserticola,1,,,
Quercus gentryi,Quercus diversifolia,1,,,
Quercus gentryi,Quercus glaucoides,1,,,
Quercus gentryi,Quercus chihuahuensis,1,,,
Quercus castanea,Quercus polymorpha,1,,,
Quercus castanea,Quercus laceyi,1,,,
Quercus castanea,Quercus vaseyana,1,,,
Quercus castanea,Quercus pungens,1,,,
Quercus castanea,Quercus sinuata,1,,,
Quercus castanea,Quercus martinezii,1,,,
Quercus castanea,Quercus germana,1,,,
Quercus castanea,Quercus lancifolia,1,,,
Quercus castanea,Quercus insignis,1,,,
Quercus castanea,Quercus corrugata,1,,,
Quercus castanea,Quercus copeyensis,1,,,
Quercus castanea,Quercus liebmanii,1,,,
Quercus castanea,Quercus glaucescens,1,,,
Quercus castanea,Quercus magnoliifolia,1,,,
Quercus castanea,Quercus resinosa,1,,,
Quercus castanea,Quercus subspathulata,1,,,
Quercus castanea,Quercus segoviensis,1,,,
Quercus castanea,Quercus potosina,1,,,
Quercus castanea,Quercus striatula,1,,,
Quercus castanea,Quercus glabrescens,1,,,
Quercus castanea,Quercus rugosa,1,,,
Quercus castanea,Quercus greggii,1,,,
Quercus castanea,Quercus obtusata,1,,,
Quercus castanea,Quercus peduncularis,1,,,
Quercus castanea,Quercus deserticola,1,,,
Quercus castanea,Quercus diversifolia,1,,,
Quercus castanea,Quercus glaucoides,1,,,
Quercus castanea,Quercus chihuahuensis,1,,,
Quercus crassipes,Quercus polymorpha,1,,,
Quercus crassipes,Quercus laceyi,1,,,
Quercus crassipes,Quercus vaseyana,1,,,
Quercus crassipes,Quercus pungens,1,,,
Quercus crassipes,Quercus sinuata,1,,,
Quercus crassipes,Quercus martinezii,1,,,
Quercus crassipes,Quercus germana,1,,,
Quercus crassipes,Quercus lancifolia,1,,,
Quercus crassipes,Quercus insignis,1,,,
Quercus crassipes,Quercus corrugata,1,,,
Quercus crassipes,Quercus copeyensis,1,,,
Quercus crassipes,Quercus liebmanii,1,,,
Quercus crassipes,Quercus glaucescens,1,,,
Quercus crassipes,Quercus magnoliifolia,1,,,
Quercus crassipes,Quercus resinosa,1,,,
Quercus crassipes,Quercus subspathulata,1,,,
Quercus crassipes,Quercus segoviensis,1,,,
Quercus crassipes,Quercus potosina,1,,,
Quercus crassipes,Quercus striatula,1,,,
Quercus crassipes,Quercus glabrescens,1,,,
Quercus crassipes,Quercus rugosa,1,,,
Quercus crassipes,Quercus greggii,1,,,
Quercus crassipes,Quercus obtusata,1,,,
Quercus crassipes,Quercus peduncularis,1,,,
Quercus crassipes,Quercus deserticola,1,,,
Quercus crassipes,Quercus diversifolia,1,,,
Quercus crassipes,Quercus glaucoides,1,,,
Quercus crassipes,Quercus grisea,1,,,
Quercus crassipes,Quercus chihuahuensis,1,,,
Quercus crassipes,Quercus oblongifolia,1,,,
Quercus crassipes,Quercus toumeyi,1,,,
Quercus grahamii,Quercus fusiformis,1,,,
Quercus grahamii,Quercus polymorpha,1,,,
Quercus grahamii,Quercus laceyi,1,,,
Quercus grahamii,Quercus vaseyana,1,,,
Quercus grahamii,Quercus pungens,1,,,
Quercus grahamii,Quercus sinuata,1,,,
Quercus grahamii,Quercus martinezii,1,,,
Quercus grahamii,Quercus germana,1,,,
Quercus grahamii,Quercus lancifolia,1,,,
Quercus grahamii,Quercus insignis,1,,,
Quercus grahamii,Quercus corrugata,1,,,
Quercus grahamii,Quercus copeyensis,1,,,
Quercus grahamii,Quercus liebmanii,1,,,
Quercus grahamii,Quercus glaucescens,1,,,
Quercus grahamii,Quercus magnoliifolia,1,,,
Quercus grahamii,Quercus resinosa,1,,,
Quercus grahamii,Quercus subspathulata,1,,,
Quercus grahamii,Quercus segoviensis,1,,,
Quercus grahamii,Quercus potosina,1,,,
Quercus grahamii,Quercus striatula,1,,,
Quercus grahamii,Quercus glabrescens,1,,,
Quercus grahamii,Quercus rugosa,1,,,
Quercus grahamii,Quercus greggii,1,,,
Quercus grahamii,Quercus obtusata,1,,,
Quercus grahamii,Quercus peduncularis,1,,,
Quercus grahamii,Quercus deserticola,1,,,
Quercus grahamii,Quercus diversifolia,1,,,
Quercus grahamii,Quercus glaucoides,1,,,
Quercus grahamii,Quercus chihuahuensis,1,,,
Quercus mexicana,Quercus fusiformis,1,,,
Quercus mexicana,Quercus polymorpha,1,,,
Quercus mexicana,Quercus laceyi,1,,,
Quercus mexicana,Quercus vaseyana,1,,,
Quercus mexicana,Quercus pungens,1,,,
Quercus mexicana,Quercus sinuata,1,,,
Quercus mexicana,Quercus martinezii,1,,,
Quercus mexicana,Quercus germana,1,,,
Quercus mexicana,Quercus lancifolia,1,,,
Quercus mexicana,Quercus insignis,1,,,
Quercus mexicana,Quercus corrugata,1,,,
Quercus mexicana,Quercus copeyensis,1,,,
Quercus mexicana,Quercus liebmanii,1,,,
Quercus mexicana,Quercus glaucescens,1,,,
Quercus mexicana,Quercus magnoliifolia,1,,,
Quercus mexicana,Quercus resinosa,1,,,
Quercus mexicana,Quercus subspathulata,1,,,
Quercus mexicana,Quercus segoviensis,1,,,
Quercus mexicana,Quercus potosina,1,,,
Quercus mexicana,Quercus striatula,1,,,
Quercus mexicana,Quercus glabrescens,1,,,
Quercus mexicana,Quercus rugosa,1,,,
Quercus mexicana,Quercus greggii,1,,,
Quercus mexicana,Quercus obtusata,1,,,
Quercus mexicana,Quercus peduncularis,1,,,
Quercus mexicana,Quercus deserticola,1,,,
Quercus mexicana,Quercus diversifolia,1,,,
Quercus mexicana,Quercus glaucoides,1,,,
Quercus mexicana,Quercus chihuahuensis,1,,,
Quercus mexicana,Quercus toumeyi,1,,,
Quercus affinis,Quercus fusiformis,1,,,
Quercus affinis,Quercus mohriana,1,,,
Quercus affinis,Quercus polymorpha,1,,,
Quercus affinis,Quercus laceyi,1,,,
Quercus affinis,Quercus vaseyana,1,,,
Quercus affinis,Quercus pungens,1,,,
Quercus affinis,Quercus sinuata,1,,,
Quercus affinis,Quercus martinezii,1,,,
Quercus affinis,Quercus germana,1,,,
Quercus affinis,Quercus lancifolia,1,,,
Quercus affinis,Quercus insignis,1,,,
Quercus affinis,Quercus corrugata,1,,,
Quercus affinis,Quercus copeyensis,1,,,
Quercus affinis,Quercus liebmanii,1,,,
Quercus affinis,Quercus glaucescens,1,,,
Quercus affinis,Quercus magnoliifolia,1,,,
Quercus affinis,Quercus resinosa,1,,,
Quercus affinis,Quercus subspathulata,1,,,
Quercus affinis,Quercus segoviensis,1,,,
Quercus affinis,Quercus potosina,1,,,
Quercus affinis,Quercus striatula,1,,,
Quercus affinis,Quercus glabrescens,1,,,
Quercus affinis,Quercus rugosa,1,,,
Quercus affinis,Quercus greggii,1,,,
Quercus affinis,Quercus obtusata,1,,,
Quercus affinis,Quercus peduncularis,1,,,
Quercus affinis,Quercus deserticola,1,,,
Quercus affinis,Quercus diversifolia,1,,,
Quercus affinis,Quercus glaucoides,1,,,
Quercus affinis,Quercus grisea,1,,,
Quercus affinis,Quercus chihuahuensis,1,,,
Quercus affinis,Quercus toumeyi,1,,,
Quercus laurina,Quercus fusiformis,1,,,
Quercus laurina,Quercus mohriana,1,,,
Quercus laurina,Quercus polymorpha,1,,,
Quercus laurina,Quercus laceyi,1,,,
Quercus laurina,Quercus vaseyana,1,,,
Quercus laurina,Quercus pungens,1,,,
Quercus laurina,Quercus sinuata,1,,,
Quercus laurina,Quercus martinezii,1,,,
Quercus laurina,Quercus germana,1,,,
Quercus laurina,Quercus lancifolia,1,,,
Quercus laurina,Quercus insignis,1,,,
Quercus laurina,Quercus corrugata,1,,,
Quercus laurina,Quercus copeyensis,1,,,
Quercus laurina,Quercus liebmanii,1,,,
Quercus laurina,Quercus glaucescens,1,,,
Quercus laurina,Quercus magnoliifolia,1,,,
Quercus laurina,Quercus resinosa,1,,,
Quercus laurina,Quercus subspathulata,1,,,
Quercus laurina,Quercus segoviensis,1,,,
Quercus laurina,Quercus potosina,1,,,
Quercus laurina,Quercus striatula,1,,,
Quercus laurina,Quercus glabrescens,1,,,
Quercus laurina,Quercus rugosa,1,,,
Quercus laurina,Quercus greggii,1,,,
Quercus laurina,Quercus obtusata,1,,,
Quercus laurina,Quercus peduncularis,1,,,
Quercus laurina,Quercus deserticola,1,,,
Quercus laurina,Quercus diversifolia,1,,,
Quercus laurina,Quercus glaucoides,1,,,
Quercus laurina,Quercus grisea,1,,,
Quercus laurina,Quercus chihuahuensis,1,,,
Quercus laurina,Quercus toumeyi,1,,,
Quercus fulva,Quercus fusiformis,1,,,
Quercus fulva,Quercus engelmannii,1,,,
Quercus fulva,Quercus mohriana,1,,,
Quercus fulva,Quercus polymorpha,1,,,
Quercus fulva,Quercus laceyi,1,,,
Quercus fulva,Quercus vaseyana,1,,,
Quercus fulva,Quercus pungens,1,,,
Quercus fulva,Quercus sinuata,1,,,
Quercus fulva,Quercus martinezii,1,,,
Quercus fulva,Quercus germana,1,,,
Quercus fulva,Quercus lancifolia,1,,,
Quercus fulva,Quercus insignis,1,,,
Quercus fulva,Quercus corrugata,1,,,
Quercus fulva,Quercus liebmanii,1,,,
Quercus fulva,Quercus glaucescens,1,,,
Quercus fulva,Quercus magnoliifolia,1,,,
Quercus fulva,Quercus resinosa,1,,,
Quercus fulva,Quercus subspathulata,1,,,
Quercus fulva,Quercus segoviensis,1,,,
Quercus fulva,Quercus potosina,1,,,
Quercus fulva,Quercus striatula,1,,,
Quercus fulva,Quercus glabrescens,1,,,
Quercus fulva,Quercus rugosa,1,,,
Quercus fulva,Quercus greggii,1,,,
Quercus fulva,Quercus obtusata,1,,,
Quercus fulva,Quercus peduncularis,1,,,
Quercus fulva,Quercus deserticola,1,,,
Quercus fulva,Quercus diversifolia,1,,,
Quercus fulva,Quercus glaucoides,1,,,
Quercus fulva,Quercus grisea,1,,,
Quercus fulva,Quercus chihuahuensis,1,,,
Quercus fulva,Quercus oblongifolia,1,,,
Quercus fulva,Quercus toumeyi,1,,,
Quercus eduardi,Quercus fusiformis,1,,,
Quercus eduardi,Quercus polymorpha,1,,,
Quercus eduardi,Quercus laceyi,1,,,
Quercus eduardi,Quercus vaseyana,1,,,
Quercus eduardi,Quercus pungens,1,,,
Quercus eduardi,Quercus sinuata,1,,,
Quercus eduardi,Quercus martinezii,1,,,
Quercus eduardi,Quercus germana,1,,,
Quercus eduardi,Quercus lancifolia,1,,,
Quercus eduardi,Quercus insignis,1,,,
Quercus eduardi,Quercus corrugata,1,,,
Quercus eduardi,Quercus liebmanii,1,,,
Quercus eduardi,Quercus glaucescens,1,,,
Quercus eduardi,Quercus magnoliifolia,1,,,
Quercus eduardi,Quercus resinosa,1,,,
Quercus eduardi,Quercus subspathulata,1,,,
Quercus eduardi,Quercus potosina,1,,,
Quercus eduardi,Quercus striatula,1,,,
Quercus eduardi,Quercus glabrescens,1,,,
Quercus eduardi,Quercus rugosa,1,,,
Quercus eduardi,Quercus greggii,1,,,
Quercus eduardi,Quercus obtusata,1,,,
Quercus eduardi,Quercus peduncularis,1,,,
Quercus eduardi,Quercus deserticola,1,,,
Quercus eduardi,Quercus diversifolia,1,,,
Quercus eduardi,Quercus glaucoides,1,,,
Quercus eduardi,Quercus chihuahuensis,1,,,
Quercus acutifolia,Quercus fusiformis,1,,,
Quercus acutifolia,Quercus polymorpha,1,,,
Quercus acutifolia,Quercus laceyi,1,,,
Quercus acutifolia,Quercus vaseyana,1,,,
Quercus acutifolia,Quercus pungens,1,,,
Quercus acutifolia,Quercus sinuata,1,,,
Quercus acutifolia,Quercus martinezii,1,,,
Quercus acutifolia,Quercus germana,1,,,
Quercus acutifolia,Quercus lancifolia,1,,,
Quercus acutifolia,Quercus insignis,1,,,
Quercus acutifolia,Quercus corrugata,1,,,
Quercus acutifolia,Quercus copeyensis,1,,,
Quercus acutifolia,Quercus liebmanii,1,,,
Quercus acutifolia,Quercus glaucescens,1,,,
Quercus acutifolia,Quercus magnoliifolia,1,,,
Quercus acutifolia,Quercus resinosa,1,,,
Quercus acutifolia,Quercus subspathulata,1,,,
Quercus acutifolia,Quercus segoviensis,1,,,
Quercus acutifolia,Quercus potosina,1,,,
Quercus acutifolia,Quercus striatula,1,,,
Quercus acutifolia,Quercus glabrescens,1,,,
Quercus acutifolia,Quercus rugosa,1,,,
Quercus acutifolia,Quercus greggii,1,,,
Quercus acutifolia,Quercus obtusata,1,,,
Quercus acutifolia,Quercus peduncularis,1,,,
Quercus acutifolia,Quercus deserticola,1,,,
Quercus acutifolia,Quercus diversifolia,1,,,
Quercus acutifolia,Quercus glaucoides,1,,,
Quercus acutifolia,Quercus chihuahuensis,1,,,
Quercus scytophylla,Quercus polymorpha,1,,,
Quercus scytophylla,Quercus laceyi,1,,,
Quercus scytophylla,Quercus vaseyana,1,,,
Quercus scytophylla,Quercus pungens,1,,,
Quercus scytophylla,Quercus martinezii,1,,,
Quercus scytophylla,Quercus germana,1,,,
Quercus scytophylla,Quercus lancifolia,1,,,
Quercus scytophylla,Quercus insignis,1,,,
Quercus scytophylla,Quercus corrugata,1,,,
Quercus scytophylla,Quercus copeyensis,1,,,
Quercus scytophylla,Quercus liebmanii,1,,,
Quercus scytophylla,Quercus glaucescens,1,,,
Quercus scytophylla,Quercus magnoliifolia,1,,,
Quercus scytophylla,Quercus resinosa,1,,,
Quercus scytophylla,Quercus subspathulata,1,,,
Quercus scytophylla,Quercus segoviensis,1,,,
Quercus scytophylla,Quercus potosina,1,,,
Quercus scytophylla,Quercus striatula,1,,,
Quercus scytophylla,Quercus glabrescens,1,,,
Quercus scytophylla,Quercus rugosa,1,,,
Quercus scytophylla,Quercus greggii,1,,,
Quercus scytophylla,Quercus obtusata,1,,,
Quercus scytophylla,Quercus peduncularis,1,,,
Quercus scytophylla,Quercus deserticola,1,,,
Quercus scytophylla,Quercus diversifolia,1,,,
Quercus scytophylla,Quercus glaucoides,1,,,
Quercus scytophylla,Quercus chihuahuensis,1,,,
Quercus durifolia,Quercus fusiformis,1,,,
Quercus durifolia,Quercus engelmannii,1,,,
Quercus durifolia,Quercus mohriana,1,,,
Quercus durifolia,Quercus polymorpha,1,,,
Quercus durifolia,Quercus laceyi,1,,,
Quercus durifolia,Quercus vaseyana,1,,,
Quercus durifolia,Quercus pungens,1,,,
Quercus durifolia,Quercus sinuata,1,,,
Quercus durifolia,Quercus martinezii,1,,,
Quercus durifolia,Quercus germana,1,,,
Quercus durifolia,Quercus lancifolia,1,,,
Quercus durifolia,Quercus magnoliifolia,1,,,
Quercus durifolia,Quercus resinosa,1,,,
Quercus durifolia,Quercus subspathulata,1,,,
Quercus durifolia,Quercus potosina,1,,,
Quercus durifolia,Quercus striatula,1,,,
Quercus durifolia,Quercus glabrescens,1,,,
Quercus durifolia,Quercus rugosa,1,,,
Quercus durifolia,Quercus greggii,1,,,
Quercus durifolia,Quercus obtusata,1,,,
Quercus durifolia,Quercus peduncularis,1,,,
Quercus durifolia,Quercus deserticola,1,,,
Quercus durifolia,Quercus diversifolia,1,,,
Quercus durifolia,Quercus glaucoides,1,,,
Quercus durifolia,Quercus grisea,1,,,
Quercus durifolia,Quercus chihuahuensis,1,,,
Quercus durifolia,Quercus oblongifolia,1,,,
Quercus durifolia,Quercus toumeyi,1,,,
Quercus sideroxyla,Quercus fusiformis,1,,,
Quercus sideroxyla,Quercus engelmannii,1,,,
Quercus sideroxyla,Quercus mohriana,1,,,
Quercus sideroxyla,Quercus polymorpha,1,,,
Quercus sideroxyla,Quercus laceyi,1,,,
Quercus sideroxyla,Quercus vaseyana,1,,,
Quercus sideroxyla,Quercus pungens,1,,,
Quercus sideroxyla,Quercus sinuata,1,,,
Quercus sideroxyla,Quercus martinezii,1,,,
Quercus sideroxyla,Quercus germana,1,,,
Quercus sideroxyla,Quercus lancifolia,1,,,
Quercus sideroxyla,Quercus insignis,1,,,
Quercus sideroxyla,Quercus corrugata,1,,,
Quercus sideroxyla,Quercus liebmanii,1,,,
Quercus sideroxyla,Quercus glaucescens,1,,,
Quercus sideroxyla,Quercus magnoliifolia,1,,,
Quercus sideroxyla,Quercus resinosa,1,,,
Quercus sideroxyla,Quercus subspathulata,1,,,
Quercus sideroxyla,Quercus segoviensis,1,,,
Quercus sideroxyla,Quercus potosina,1,,,
Quercus sideroxyla,Quercus striatula,1,,,
Quercus sideroxyla,Quercus glabrescens,1,,,
Quercus sideroxyla,Quercus rugosa,1,,,
Quercus sideroxyla,Quercus greggii,1,,,
Quercus sideroxyla,Quercus obtusata,1,,,
Quercus sideroxyla,Quercus peduncularis,1,,,
Quercus sideroxyla,Quercus deserticola,1,,,
Quercus sideroxyla,Quercus diversifolia,1,,,
Quercus sideroxyla,Quercus glaucoides,1,,,
Quercus sideroxyla,Quercus grisea,1,,,
Quercus sideroxyla,Quercus chihuahuensis,1,,,
Quercus sideroxyla,Quercus oblongifolia,1,,,
Quercus sideroxyla,Quercus toumeyi,1,,,
Quercus hypoleucoides,Quercus palmeri,1,,,
Quercus hypoleucoides,Quercus chrysolepis,1,,,
Quercus hypoleucoides,Quercus engelmannii,1,,,
Quercus hypoleucoides,Quercus michauxii,1,,,
Quercus hypoleucoides,Quercus mohriana,1,,,
Quercus hypoleucoides,Quercus polymorpha,1,,,
Quercus hypoleucoides,Quercus pungens,1,,,
Quercus hypoleucoides,Quercus sinuata,1,,,
Quercus hypoleucoides,Quercus subspathulata,1,,,
Quercus hypoleucoides,Quercus striatula,1,,,
Quercus hypoleucoides,Quercus rugosa,1,,,
Quercus hypoleucoides,Quercus greggii,1,,,
Quercus hypoleucoides,Quercus grisea,1,,,
Quercus hypoleucoides,Quercus chihuahuensis,1,,,
Quercus hypoleucoides,Quercus oblongifolia,1,,,
Quercus hypoleucoides,Quercus toumeyi,1,,,
Quercus hypoleucoides,Quercus turbinella,1,,,
Quercus urbanii,Quercus fusiformis,1,,,
Quercus urbanii,Quercus engelmannii,1,,,
Quercus urbanii,Quercus mohriana,1,,,
Quercus urbanii,Quercus polymorpha,1,,,
Quercus urbanii,Quercus laceyi,1,,,
Quercus urbanii,Quercus vaseyana,1,,,
Quercus urbanii,Quercus pungens,1,,,
Quercus urbanii,Quercus sinuata,1,,,
Quercus urbanii,Quercus martinezii,1,,,
Quercus urbanii,Quercus germana,1,,,
Quercus urbanii,Quercus lancifolia,1,,,
Quercus urbanii,Quercus insignis,1,,,
Quercus urbanii,Quercus corrugata,1,,,
Quercus urbanii,Quercus copeyensis,1,,,
Quercus urbanii,Quercus liebmanii,1,,,
Quercus urbanii,Quercus glaucescens,1,,,
Quercus urbanii,Quercus magnoliifolia,1,,,
Quercus urbanii,Quercus resinosa,1,,,
Quercus urbanii,Quercus subspathulata,1,,,
Quercus urbanii,Quercus segoviensis,1,,,
Quercus urbanii,Quercus potosina,1,,,
Quercus urbanii,Quercus striatula,1,,,
Quercus urbanii,Quercus glabrescens,1,,,
Quercus urbanii,Quercus rugosa,1,,,
Quercus urbanii,Quercus greggii,1,,,
Quercus urbanii,Quercus obtusata,1,,,
Quercus urbanii,Quercus peduncularis,1,,,
Quercus urbanii,Quercus deserticola,1,,,
Quercus urbanii,Quercus diversifolia,1,,,
Quercus urbanii,Quercus glaucoides,1,,,
Quercus urbanii,Quercus grisea,1,,,
Quercus urbanii,Quercus chihuahuensis,1,,,
Quercus urbanii,Quercus oblongifolia,1,,,
Quercus urbanii,Quercus toumeyi,1,,,
Quercus crassifolia,Quercus fusiformis,1,,,
Quercus crassifolia,Quercus polymorpha,1,,,
Quercus crassifolia,Quercus laceyi,1,,,
Quercus crassifolia,Quercus vaseyana,1,,,
Quercus crassifolia,Quercus pungens,1,,,
Quercus crassifolia,Quercus sinuata,1,,,
Quercus crassifolia,Quercus martinezii,1,,,
Quercus crassifolia,Quercus germana,1,,,
Quercus crassifolia,Quercus lancifolia,1,,,
Quercus crassifolia,Quercus insignis,1,,,
Quercus crassifolia,Quercus corrugata,1,,,
Quercus crassifolia,Quercus copeyensis,1,,,
Quercus crassifolia,Quercus liebmanii,1,,,
Quercus crassifolia,Quercus glaucescens,1,,,
Quercus crassifolia,Quercus magnoliifolia,1,,,
Quercus crassifolia,Quercus resinosa,1,,,
Quercus crassifolia,Quercus subspathulata,1,,,
Quercus crassifolia,Quercus segoviensis,1,,,
Quercus crassifolia,Quercus potosina,1,,,
Quercus crassifolia,Quercus striatula,1,,,
Quercus crassifolia,Quercus glabrescens,1,,,
Quercus crassifolia,Quercus rugosa,1,,,
Quercus crassifolia,Quercus greggii,1,,,
Quercus crassifolia,Quercus obtusata,1,,,
Quercus crassifolia,Quercus peduncularis,1,,,
Quercus crassifolia,Quercus deserticola,1,,,
Quercus crassifolia,Quercus diversifolia,1,,,
Quercus crassifolia,Quercus glaucoides,1,,,
Quercus crassifolia,Quercus chihuahuensis,1,,,
Quercus crassifolia,Quercus toumeyi,1,,,
Quercus emoryi,Quercus cedrosensis,1,,,
Quercus emoryi,Quercus palmeri,1,,,
Quercus emoryi,Quercus chrysolepis,1,,,
Quercus emoryi,Quercus engelmannii,1,,,
Quercus emoryi,Quercus berberidifolia,1,,,
Quercus emoryi,Quercus cornelius-mulleri,1,,,
Quercus emoryi,Quercus dumosa,1,,,
Quercus emoryi,Quercus michauxii,1,,,
Quercus emoryi,Quercus mohriana,1,,,
Quercus emoryi,Quercus polymorpha,1,,,
Quercus emoryi,Quercus laceyi,1,,,
Quercus emoryi,Quercus vaseyana,1,,,
Quercus emoryi,Quercus pungens,1,,,
Quercus emoryi,Quercus sinuata,1,,,
Quercus emoryi,Quercus magnoliifolia,1,,,
Quercus emoryi,Quercus resinosa,1,,,
Quercus emoryi,Quercus subspathulata,1,,,
Quercus emoryi,Quercus potosina,1,,,
Quercus emoryi,Quercus striatula,1,,,
Quercus emoryi,Quercus rugosa,1,,,
Quercus emoryi,Quercus greggii,1,,,
Quercus emoryi,Quercus obtusata,1,,,
Quercus emoryi,Quercus deserticola,1,,,
Quercus emoryi,Quercus glaucoides,1,,,
Quercus emoryi,Quercus grisea,1,,,
Quercus emoryi,Quercus chihuahuensis,1,,,
Quercus emoryi,Quercus oblongifolia,1,,,
Quercus emoryi,Quercus toumeyi,1,,,
Quercus emoryi,Quercus turbinella,1,,,
Quercus viminea,Quercus engelmannii,1,,,
Quercus viminea,Quercus mohriana,1,,,
Quercus viminea,Quercus polymorpha,1,,,
Quercus viminea,Quercus laceyi,1,,,
Quercus viminea,Quercus vaseyana,1,,,
Quercus viminea,Quercus pungens,1,,,
Quercus viminea,Quercus martinezii,1,,,
Quercus viminea,Quercus germana,1,,,
Quercus viminea,Quercus lancifolia,1,,,
Quercus viminea,Quercus liebmanii,1,,,
Quercus viminea,Quercus magnoliifolia,1,,,
Quercus viminea,Quercus resinosa,1,,,
Quercus viminea,Quercus subspathulata,1,,,
Quercus viminea,Quercus potosina,1,,,
Quercus viminea,Quercus striatula,1,,,
Quercus viminea,Quercus glabrescens,1,,,
Quercus viminea,Quercus rugosa,1,,,
Quercus viminea,Quercus greggii,1,,,
Quercus viminea,Quercus obtusata,1,,,
Quercus viminea,Quercus peduncularis,1,,,
Quercus viminea,Quercus deserticola,1,,,
Quercus viminea,Quercus diversifolia,1,,,
Quercus viminea,Quercus glaucoides,1,,,
Quercus viminea,Quercus grisea,1,,,
Quercus viminea,Quercus chihuahuensis,1,,,
Quercus viminea,Quercus oblongifolia,1,,,
Quercus viminea,Quercus toumeyi,1,,,
Quercus viminea,Quercus turbinella,1,,,
Quercus jonesii,Quercus fusiformis,1,,,
Quercus jonesii,Quercus engelmannii,1,,,
Quercus jonesii,Quercus mohriana,1,,,
Quercus jonesii,Quercus polymorpha,1,,,
Quercus jonesii,Quercus laceyi,1,,,
Quercus jonesii,Quercus vaseyana,1,,,
Quercus jonesii,Quercus pungens,1,,,
Quercus jonesii,Quercus sinuata,1,,,
Quercus jonesii,Quercus martinezii,1,,,
Quercus jonesii,Quercus germana,1,,,
Quercus jonesii,Quercus lancifolia,1,,,
Quercus jonesii,Quercus liebmanii,1,,,
Quercus jonesii,Quercus glaucescens,1,,,
Quercus jonesii,Quercus magnoliifolia,1,,,
Quercus jonesii,Quercus resinosa,1,,,
Quercus jonesii,Quercus subspathulata,1,,,
Quercus jonesii,Quercus potosina,1,,,
Quercus jonesii,Quercus striatula,1,,,
Quercus jonesii,Quercus glabrescens,1,,,
Quercus jonesii,Quercus rugosa,1,,,
Quercus jonesii,Quercus greggii,1,,,
Quercus jonesii,Quercus obtusata,1,,,
Quercus jonesii,Quercus peduncularis,1,,,
Quercus jonesii,Quercus deserticola,1,,,
Quercus jonesii,Quercus diversifolia,1,,,
Quercus jonesii,Quercus glaucoides,1,,,
Quercus jonesii,Quercus grisea,1,,,
Quercus jonesii,Quercus chihuahuensis,1,,,
Quercus jonesii,Quercus oblongifolia,1,,,
Quercus jonesii,Quercus toumeyi,1,,,
Quercus aristata,Quercus polymorpha,1,,,
Quercus aristata,Quercus laceyi,1,,,
Quercus aristata,Quercus vaseyana,1,,,
Quercus aristata,Quercus pungens,1,,,
Quercus aristata,Quercus martinezii,1,,,
Quercus aristata,Quercus germana,1,,,
Quercus aristata,Quercus lancifolia,1,,,
Quercus aristata,Quercus insignis,1,,,
Quercus aristata,Quercus corrugata,1,,,
Quercus aristata,Quercus copeyensis,1,,,
Quercus aristata,Quercus liebmanii,1,,,
Quercus aristata,Quercus glaucescens,1,,,
Quercus aristata,Quercus magnoliifolia,1,,,
Quercus aristata,Quercus resinosa,1,,,
Quercus aristata,Quercus subspathulata,1,,,
Quercus aristata,Quercus segoviensis,1,,,
Quercus aristata,Quercus potosina,1,,,
Quercus aristata,Quercus striatula,1,,,
Quercus aristata,Quercus glabrescens,1,,,
Quercus aristata,Quercus rugosa,1,,,
Quercus aristata,Quercus greggii,1,,,
Quercus aristata,Quercus obtusata,1,,,
Quercus aristata,Quercus peduncularis,1,,,
Quercus aristata,Quercus deserticola,1,,,
Quercus aristata,Quercus diversifolia,1,,,
Quercus aristata,Quercus glaucoides,1,,,
Quercus aristata,Quercus chihuahuensis,1,,,
Quercus uxoris,Quercus polymorpha,1,,,
Quercus uxoris,Quercus pungens,1,,,
Quercus uxoris,Quercus martinezii,1,,,
Quercus uxoris,Quercus germana,1,,,
Quercus uxoris,Quercus lancifolia,1,,,
Quercus uxoris,Quercus insignis,1,,,
Quercus uxoris,Quercus corrugata,1,,,
Quercus uxoris,Quercus copeyensis,1,,,
Quercus uxoris,Quercus liebmanii,1,,,
Quercus uxoris,Quercus glaucescens,1,,,
Quercus uxoris,Quercus magnoliifolia,1,,,
Quercus uxoris,Quercus resinosa,1,,,
Quercus uxoris,Quercus subspathulata,1,,,
Quercus uxoris,Quercus segoviensis,1,,,
Quercus uxoris,Quercus potosina,1,,,
Quercus uxoris,Quercus glabrescens,1,,,
Quercus uxoris,Quercus rugosa,1,,,
Quercus uxoris,Quercus greggii,1,,,
Quercus uxoris,Quercus obtusata,1,,,
Quercus uxoris,Quercus peduncularis,1,,,
Quercus uxoris,Quercus deserticola,1,,,
Quercus uxoris,Quercus diversifolia,1,,,
Quercus uxoris,Quercus glaucoides,1,,,
Quercus elliptica,Quercus polymorpha,1,,,
Quercus elliptica,Quercus vaseyana,1,,,
Quercus elliptica,Quercus pungens,1,,,
Quercus elliptica,Quercus martinezii,1,,,
Quercus elliptica,Quercus germana,1,,,
Quercus elliptica,Quercus lancifolia,1,,,
Quercus elliptica,Quercus insignis,1,,,
Quercus elliptica,Quercus corrugata,1,,,
Quercus elliptica,Quercus copeyensis,1,,,
Quercus elliptica,Quercus liebmanii,1,,,
Quercus elliptica,Quercus glaucescens,1,,,
Quercus elliptica,Quercus magnoliifolia,1,,,
Quercus elliptica,Quercus resinosa,1,,,
Quercus elliptica,Quercus subspathulata,1,,,
Quercus elliptica,Quercus segoviensis,1,,,
Quercus elliptica,Quercus potosina,1,,,
Quercus elliptica,Quercus striatula,1,,,
Quercus elliptica,Quercus glabrescens,1,,,
Quercus elliptica,Quercus rugosa,1,,,
Quercus elliptica,Quercus greggii,1,,,
Quercus elliptica,Quercus obtusata,1,,,
Quercus elliptica,Quercus peduncularis,1,,,
Quercus elliptica,Quercus deserticola,1,,,
Quercus elliptica,Quercus diversifolia,1,,,
Quercus elliptica,Quercus glaucoides,1,,,
Quercus elliptica,Quercus chihuahuensis,1,,,
Quercus benthamii,Quercus polymorpha,1,,,
Quercus benthamii,Quercus germana,1,,,
Quercus benthamii,Quercus lancifolia,1,,,
Quercus benthamii,Quercus insignis,1,,,
Quercus benthamii,Quercus corrugata,1,,,
Quercus benthamii,Quercus copeyensis,1,,,
Quercus benthamii,Quercus magnoliifolia,1,,,
Quercus benthamii,Quercus segoviensis,1,,,
Quercus benthamii,Quercus glabrescens,1,,,
Quercus benthamii,Quercus rugosa,1,,,
Quercus benthamii,Quercus peduncularis,1,,,
Quercus benthamii,Quercus deserticola,1,,,
Quercus benthamii,Quercus glaucoides,1,,,
Quercus humboldtii,Quercus copeyensis,1,,,
Quercus eugeniifolia,Quercus polymorpha,1,,,
Quercus eugeniifolia,Quercus pungens,1,,,
Quercus eugeniifolia,Quercus martinezii,1,,,
Quercus eugeniifolia,Quercus germana,1,,,
Quercus eugeniifolia,Quercus lancifolia,1,,,
Quercus eugeniifolia,Quercus insignis,1,,,
Quercus eugeniifolia,Quercus corrugata,1,,,
Quercus eugeniifolia,Quercus copeyensis,1,,,
Quercus eugeniifolia,Quercus liebmanii,1,,,
Quercus eugeniifolia,Quercus glaucescens,1,,,
Quercus eugeniifolia,Quercus magnoliifolia,1,,,
Quercus eugeniifolia,Quercus subspathulata,1,,,
Quercus eugeniifolia,Quercus segoviensis,1,,,
Quercus eugeniifolia,Quercus potosina,1,,,
Quercus eugeniifolia,Quercus glabrescens,1,,,
Quercus eugeniifolia,Quercus rugosa,1,,,
Quercus eugeniifolia,Quercus greggii,1,,,
Quercus eugeniifolia,Quercus obtusata,1,,,
Quercus eugeniifolia,Quercus peduncularis,1,,,
Quercus eugeniifolia,Quercus deserticola,1,,,
Quercus eugeniifolia,Quercus diversifolia,1,,,
Quercus eugeniifolia,Quercus glaucoides,1,,,
Quercus costaricensis,Quercus canariensis,1,,,
Quercus costaricensis,Quercus lusitanica,1,,,
Quercus costaricensis,Quercus faginea,1,,,
Quercus costaricensis,Quercus pyrenaica,1,,,
Quercus costaricensis,Quercus frainetto,1,,,
Quercus costaricensis,Quercus polymorpha,1,,,
Quercus costaricensis,Quercus lancifolia,1,,,
Quercus costaricensis,Quercus insignis,1,,,
Quercus costaricensis,Quercus corrugata,1,,,
Quercus costaricensis,Quercus copeyensis,1,,,
Quercus costaricensis,Quercus segoviensis,1,,,
Quercus costaricensis,Quercus rugosa,1,,,
Quercus cortesii,Quercus polymorpha,1,,,
Quercus cortesii,Quercus martinezii,1,,,
Quercus cortesii,Quercus germana,1,,,
Quercus cortesii,Quercus lancifolia,1,,,
Quercus cortesii,Quercus insignis,1,,,
Quercus cortesii,Quercus corrugata,1,,,
Quercus cortesii,Quercus copeyensis,1,,,
Quercus cortesii,Quercus liebmanii,1,,,
Quercus cortesii,Quercus glaucescens,1,,,
Quercus cortesii,Quercus magnoliifolia,1,,,
Quercus cortesii,Quercus subspathulata,1,,,
Quercus cortesii,Quercus segoviensis,1,,,
Quercus cortesii,Quercus potosina,1,,,
Quercus cortesii,Quercus glabrescens,1,,,
Quercus cortesii,Quercus rugosa,1,,,
Quercus cortesii,Quercus greggii,1,,,
Quercus cortesii,Quercus obtusata,1,,,
Quercus cortesii,Quercus peduncularis,1,,,
Quercus cortesii,Quercus deserticola,1,,,
Quercus cortesii,Quercus diversifolia,1,,,
Quercus cortesii,Quercus glaucoides,1,,,
Quercus sapotifolia,Quercus polymorpha,1,,,
Quercus sapotifolia,Quercus pungens,1,,,
Quercus sapotifolia,Quercus martinezii,1,,,
Quercus sapotifolia,Quercus germana,1,,,
Quercus sapotifolia,Quercus lancifolia,1,,,
Quercus sapotifolia,Quercus insignis,1,,,
Quercus sapotifolia,Quercus corrugata,1,,,
Quercus sapotifolia,Quercus copeyensis,1,,,
Quercus sapotifolia,Quercus liebmanii,1,,,
Quercus sapotifolia,Quercus glaucescens,1,,,
Quercus sapotifolia,Quercus magnoliifolia,1,,,
Quercus sapotifolia,Quercus resinosa,1,,,
Quercus sapotifolia,Quercus subspathulata,1,,,
Quercus sapotifolia,Quercus segoviensis,1,,,
Quercus sapotifolia,Quercus potosina,1,,,
Quercus sapotifolia,Quercus glabrescens,1,,,
Quercus sapotifolia,Quercus rugosa,1,,,
Quercus sapotifolia,Quercus greggii,1,,,
Quercus sapotifolia,Quercus obtusata,1,,,
Quercus sapotifolia,Quercus peduncularis,1,,,
Quercus sapotifolia,Quercus deserticola,1,,,
Quercus sapotifolia,Quercus diversifolia,1,,,
Quercus sapotifolia,Quercus glaucoides,1,,,
Quercus cedrosensis,Quercus engelmannii,1,,,
Quercus cedrosensis,Quercus berberidifolia,1,,,
Quercus cedrosensis,Quercus cornelius-mulleri,1,,,
Quercus cedrosensis,Quercus dumosa,1,,,
Quercus cedrosensis,Quercus oblongifolia,1,,,
Quercus cedrosensis,Quercus turbinella,1,,,
Quercus palmeri,Quercus lobata,1,,,
Quercus palmeri,Quercus garryana,1,,,
Quercus palmeri,Quercus engelmannii,1,,,
Quercus palmeri,Quercus durata,1,,,
Quercus palmeri,Quercus berberidifolia,1,,,
Quercus palmeri,Quercus douglasii,1,,,
Quercus palmeri,Quercus john-tuckeri,1,,,
Quercus palmeri,Quercus cornelius-mulleri,1,,,
Quercus palmeri,Quercus dumosa,1,,,
Quercus palmeri,Quercus pungens,1,,,
Quercus palmeri,Quercus rugosa,1,,,
Quercus palmeri,Quercus grisea,1,,,
Quercus palmeri,Quercus oblongifolia,1,,,
Quercus palmeri,Quercus toumeyi,1,,,
Quercus palmeri,Quercus turbinella,1,,,
Quercus vacciniifolia,Quercus sadleriana,1,,,
Quercus vacciniifolia,Quercus lobata,1,,,
Quercus vacciniifolia,Quercus garryana,1,,,
Quercus vacciniifolia,Quercus engelmannii,1,,,
Quercus vacciniifolia,Quercus durata,1,,,
Quercus vacciniifolia,Quercus berberidifolia,1,,,
Quercus vacciniifolia,Quercus douglasii,1,,,
Quercus vacciniifolia,Quercus dumosa,1,,,
Quercus tomentella,Quercus lobata,1,,,
Quercus tomentella,Quercus garryana,1,,,
Quercus tomentella,Quercus engelmannii,1,,,
Quercus tomentella,Quercus durata,1,,,
Quercus tomentella,Quercus berberidifolia,1,,,
Quercus tomentella,Quercus douglasii,1,,,
Quercus tomentella,Quercus john-tuckeri,1,,,
Quercus tomentella,Quercus cornelius-mulleri,1,,,
Quercus tomentella,Quercus dumosa,1,,,
Quercus tomentella,Quercus turbinella,1,,,
Quercus chrysolepis,Quercus sadleriana,1,,,
Quercus chrysolepis,Quercus lobata,1,,,
Quercus chrysolepis,Quercus garryana,1,,,
Quercus chrysolepis,Quercus engelmannii,1,,,
Quercus chrysolepis,Quercus durata,1,,,
Quercus chrysolepis,Quercus berberidifolia,1,,,
Quercus chrysolepis,Quercus douglasii,1,,,
Quercus chrysolepis,Quercus john-tuckeri,1,,,
Quercus chrysolepis,Quercus cornelius-mulleri,1,,,
Quercus chrysolepis,Quercus dumosa,1,,,
Quercus chrysolepis,Quercus pungens,1,,,
Quercus chrysolepis,Quercus rugosa,1,,,
Quercus chrysolepis,Quercus grisea,1,,,
Quercus chrysolepis,Quercus oblongifolia,1,,,
Quercus chrysolepis,Quercus toumeyi,1,,,
Quercus chrysolepis,Quercus turbinella,1,,,
Quercus sadleriana,Quercus garryana,1,,,
Quercus sadleriana,Quercus berberidifolia,1,,,
Quercus sadleriana,Quercus douglasii,1,,,
Quercus fusiformis,Quercus muehlenbergii,1,,,
Quercus fusiformis,Quercus michauxii,1,,,
Quercus fusiformis,Quercus mohriana,1,,,
Quercus fusiformis,Quercus polymorpha,1,,,
Quercus fusiformis,Quercus laceyi,1,,,
Quercus fusiformis,Quercus vaseyana,1,,,
Quercus fusiformis,Quercus pungens,1,,,
Quercus fusiformis,Quercus sinuata,1,,,
Quercus fusiformis,Quercus stellata,1,,,
Quercus fusiformis,Quercus potosina,1,,,
Quercus fusiformis,Quercus striatula,1,,,
Quercus fusiformis,Quercus glabrescens,1,,,
Quercus fusiformis,Quercus rugosa,1,,,
Quercus fusiformis,Quercus greggii,1,,,
Quercus fusiformis,Quercus diversifolia,1,,,
Quercus fusiformis,Quercus glaucoides,1,,,
