speciesA,speciesB,author,datatype,hybrid,exclude,notes,overlap,records
alba,bicolor,Trelease 1917,morphology,1,,,,
alba,macrocarpa,Trelease 1917,morphology,1,,,,
alba,montana,Trelease 1917,morphology,1,,,,
alba,muhlenbergii,Trelease 1917,morphology,1,,,,
alba,prinoides,Trelease 1917,morphology,1,,,,
alba,stellata,Trelease 1917,morphology,1,,,,
arizonica,grisea,Trelease 1917,morphology,1,,,,
bicolor,macrocarpa,Trelease 1917,morphology,1,,,,
catesbaei,cuneata,Trelease 1917,morphology,1,,,,
catesbaei,incana,Trelease 1917,morphology,1,,,,
catesbaei,nigra,Trelease 1917,morphology,1,,,,
coccinea,ilicifolia,Trelease 1917,morphology,1,,,,
coccinea,palustris,Trelease 1917,morphology,1,,,,
coccinea,rubra,Trelease 1917,morphology,1,,,,
cuneata,phellos,Trelease 1917,morphology,1,,,,
cuneata,velutina,Trelease 1917,morphology,1,,,,
douglasii,garryana,Trelease 1917,morphology,1,,,,
dumosa,engelmannii,Trelease 1917,morphology,1,,,,
ellipsoidalis,velutina,Trelease 1917,morphology,1,,,,
emoryi,grisea,Trelease 1917,morphology,1,1,,,
emoryi,pungens,Trelease 1917,morphology,1,1,,,
georgiana,marilandica,Trelease 1917,morphology,1,,,,
ilicifolia,marilandica,Trelease 1917,morphology,1,,,,
ilicifolia,phellos,Trelease 1917,morphology,1,,,,
ilicifolia,velutina,Trelease 1917,morphology,1,,,,
imbricaria,marilandica,Trelease 1917,morphology,1,,,,
imbricaria,palustris,Trelease 1917,morphology,1,,,,
imbricaria,rubra,Trelease 1917,morphology,1,,,,
imbricaria,velutina,Trelease 1917,morphology,1,,,,
incana,cuneata,Trelease 1917,morphology,1,,,,
incana,laurifolia,Trelease 1917,morphology,1,,,,
incana,marilandica,Trelease 1917,morphology,1,,,,
incana,nigra,Trelease 1917,morphology,1,,,,
incana,velutina,Trelease 1917,morphology,1,,,,
kelloggii,wislizeni,Trelease 1917,morphology,1,,,,
macrocarpa,muhlenbergii,Trelease 1917,morphology,1,,,,
marilandica,nigra,Trelease 1917,morphology,1,,,,
marilandica,phellos,Trelease 1917,morphology,1,,,,
pagoda,phellos,Trelease 1917,morphology,1,,,,
palustris,rubra,Trelease 1917,morphology,1,,,,
phellos,rubra,Trelease 1917,morphology,1,,,,
phellos,velutina,Trelease 1917,morphology,1,,,,
rubra,velutina,Trelease 1917,morphology,1,,,,
agrifolia,kelloggii,Palmer 1948,morphology,1,,,,
alba,lyrata,Palmer 1948,morphology,1,,,,
alba,robur,Palmer 1948,morphology,1,,,,
bicolor,lyrata,Palmer 1948,morphology,1,,,,
bicolor,montana,Palmer 1948,morphology,1,,,,
bicolor,robur,Palmer 1948,morphology,1,,,,
bicolor,stellata,Palmer 1948,morphology,1,,,,
bicolor,virginiana,Palmer 1948,morphology,1,,,,
douglasii,lobata,Palmer 1948,morphology,1,,,,
dumosa,lobata,Palmer 1948,morphology,1,,,,
durandii,lyrata,Palmer 1948,morphology,1,,,,
durandii,stellata,Palmer 1948,morphology,1,,,,
durandii,virginiana,Palmer 1948,morphology,1,,,,
ellipsoidalis,rubra,Palmer 1948,morphology,1,,,,
emoryi,hypoleucoides,Palmer 1948,morphology,1,,,,
falcata,imbricaria,Palmer 1948,morphology,1,,,,
falcata,incana,Palmer 1948,morphology,1,,,,
falcata,laevis,Palmer 1948,morphology,1,,,,
falcata,marilandica,Palmer 1948,morphology,1,,,,
falcata,nigra,Palmer 1948,morphology,1,,,,
falcata,phellos,Palmer 1948,morphology,1,,,,
falcata,shumardii,Palmer 1948,morphology,1,,,,
falcata,velutina,Palmer 1948,morphology,1,,,,
georgiana,marilandica,Palmer 1948,morphology,1,,,,
hypoleucoides,shumardii,Palmer 1948,morphology,1,,,,
ilicifolia,rubra,Palmer 1948,morphology,1,,,,
imbricaria,shumardii,Palmer 1948,morphology,1,,,,
incana,laevis,Palmer 1948,morphology,1,,,,
incana,myrtifolia,Palmer 1948,morphology,1,,,,
incana,laurifoliia,Palmer 1948,morphology,1,,laurifoliia recorded under synonym 'obtusa',,
incana,phellos,Palmer 1948,morphology,1,,,,
laevis,laurifolia,Palmer 1948,morphology,1,,,,
laevis,nigra,Palmer 1948,morphology,1,,,,
lyrata,stellata,Palmer 1948,morphology,1,,,,
lyrata,virginiana,Palmer 1948,morphology,1,,,,
macrocarpa,montana,Palmer 1948,morphology,1,,,,
macrocarpa,laurifoliia,Palmer 1948,morphology,1,,laurifoliia recorded under synonym 'obtusa',,
macrocarpa,stellata,Palmer 1948,morphology,1,,,,
macrocarpa,robur,Palmer 1948,morphology,1,,,,
macrocarpa,undulata,Palmer 1948,morphology,1,,,,
macrocarpa,virginiana,Palmer 1948,morphology,1,,,,
marilandica,rubra,Palmer 1948,morphology,1,,,,
marilandica,shumardii,Palmer 1948,morphology,1,,,,
marilandica,velutina,Palmer 1948,morphology,1,,,,
montana,robur,Palmer 1948,morphology,1,,,,
montana,stellata,Palmer 1948,morphology,1,,,,
nigra,phellos,Palmer 1948,morphology,1,,,,
nigra,shumardii,Palmer 1948,morphology,1,,,,
nigra,velutina,Palmer 1948,morphology,1,,,,
nuttallii,shumardii,Palmer 1948,morphology,1,,,,
laurifoliia,velutina,Palmer 1948,morphology,1,,laurifoliia recorded under synonym 'obtusa',,
palustris,phellos,Palmer 1948,morphology,1,,,,
palustris,shumardii,Palmer 1948,morphology,1,,,,
palustris,velutina,Palmer 1948,morphology,1,,,,
phellos,shumardii,Palmer 1948,morphology,1,,,,
prinoides,stellata,Palmer 1948,morphology,1,,,,
stellata,virginiana,Palmer 1948,morphology,1,,,,
grisea,mohriana,Muller 1952,morphology,1,,,,
havardii,mohriana,Muller 1952,morphology,1,,,,
havardii,stellata,Muller 1952,morphology,1,,,,
margarettae,stellata,Muller 1952,morphology,1,,,,
mohriana,stellata,Muller 1952,morphology,1,,,,
chrysolepis,dunnii,Tucker and Haskell 1960,morphology,1,,,,
arizonica,gambelii,Tucker 1961,morphology,1,,,,
gambelii,grisea,Tucker 1961,morphology,1,,,,
gambelii,havardii,Tucker 1961,morphology,1,,,,
gambelii,mohriana,Tucker 1961,morphology,1,,,,
gambelii,muhlenbergii,Tucker 1961,morphology,1,,,,
gambelii,turbinella,Tucker 1961,morphology,1,,,,
petraea,robur,Cousens 1963,morphology,1,,,,
chrysolepis,tomentella,Thorne 1967,morphology,1,,****,,
gambelii,macrocarpa,Maze 1968,morphology,1,,,,
agrifolia,wislizeni,Brophy and Parnell 1974,morphology,1,,,,
alba,austrina,Hardin 1975,morphology,1,,,,
alba,durandii,Hardin 1975,morphology,1,,,,
alba,margarettae,Hardin 1975,morphology,1,,,,
alba,michauxii,Hardin 1975,morphology,1,,,,
austrina,lyrata,Hardin 1975,morphology,1,,,,
austrina,margarettae,Hardin 1975,morphology,1,,,,
austrina,stellata,Hardin 1975,morphology,1,,,,
austrina,virginiana,Hardin 1975,morphology,1,,,,
bicolor,montana,Hardin 1975,morphology,1,,,,
bicolor,virginiana,Hardin 1975,morphology,1,,,,
margarettae,virginiana,Hardin 1975,morphology,1,,,,
michauxii,lyrata,Hardin 1975,morphology,1,,,,
michauxii,macrocarpa,Hardin 1975,morphology,1,,,,
minima,stellata,Hardin 1975,morphology,1,,,,
minima,virginiana,Hardin 1975,morphology,1,,,,
muhlenbergii,prinoides,Hardin 1975,morphology,1,,,,
falcata,pagoda,Jensen 1989,reference,1,,,,
coccolobifolia,emoryi,Boecklen and Spellenberg 1990,morphology,1,,,,
depressipes,rugosa,Boecklen and Spellenberg 1990,morphology,1,,,,
castanea,conzattii,Spellenberg and Bacon 1996,morphology,1,,,,
coccolobifolia,conzattii,Spellenberg and Bacon 1996,morphology,1,,,,
coccolobifolia,radiata,Spellenberg and Bacon 1996,morphology,1,,,,
coccolobifolia,tarahumara,Spellenberg and Bacon 1996,morphology,1,,,,
conzattii,crassifolia,Spellenberg and Bacon 1996,morphology,1,,,,
conzattii,eduardi,Spellenberg and Bacon 1996,morphology,1,,,,
eduardi,radiata,Spellenberg and Bacon 1996,morphology,1,,,,
canariensis,faginea,Dumolin-Lapegue et al. 1997,genetic,1,,,,
canariensis,frainetto,Dumolin-Lapegue et al. 1997,genetic,1,,,,
canariensis,macranthera,Dumolin-Lapegue et al. 1997,genetic,1,,,,
canariensis,petraea,Dumolin-Lapegue et al. 1997,genetic,1,,,,
canariensis,pubescens,Dumolin-Lapegue et al. 1997,genetic,1,,,,
canariensis,pyrenica,Dumolin-Lapegue et al. 1997,genetic,1,,,,
canariensis,robur,Dumolin-Lapegue et al. 1997,genetic,1,,,,
faginea,frainetto,Dumolin-Lapegue et al. 1997,genetic,1,,,,
faginea,macranthera,Dumolin-Lapegue et al. 1997,genetic,1,,,,
faginea,petraea,Dumolin-Lapegue et al. 1997,genetic,1,,,,
faginea,pubescens,Dumolin-Lapegue et al. 1997,genetic,1,,,,
faginea,pyrenica,Dumolin-Lapegue et al. 1997,genetic,1,,,,
faginea,robur,Dumolin-Lapegue et al. 1997,genetic,1,,,,
macranthera,petraea,Dumolin-Lapegue et al. 1997,genetic,1,,,,
macranthera,pubescens,Dumolin-Lapegue et al. 1997,genetic,1,,,,
macranthera,pyrenica,Dumolin-Lapegue et al. 1997,genetic,1,,,,
macranthera,robur,Dumolin-Lapegue et al. 1997,genetic,1,,,,
petraea,pubescens,Dumolin-Lapegue et al. 1997,genetic,1,,,,
petraea,pyrenica,Dumolin-Lapegue et al. 1997,genetic,1,,,,
pubescens,pyrenica,Dumolin-Lapegue et al. 1997,genetic,1,,,,
pubescens,robur,Dumolin-Lapegue et al. 1997,genetic,1,,,,
pyrenica,robur,Dumolin-Lapegue et al. 1997,genetic,1,,,,
cedrosensis,engelmannii,Manos et al. 1999,genetic,1,,inferred from cpDNA phylogeny,,
engelmannii,tormentella,Manos et al. 1999,genetic,1,,,,
ilex,suber,Behlabib et al. 2001,genetic,1,,,,
agrifolia,parvula,Dodd and Kashani 2003,morphology,1,,,,
kelloggii,parvula,Dodd and Kashani 2003,morphology,1,,,,
parvula,wislizeni,Dodd and Kashani 2003,morphology,1,,,,
dentata,mongolica,Ishida et al. 2003,morphology/genetic,1,,,,
affinis,laurina,Gonzalez-Rodriguez et al. 2004,morphology/genetic,1,,,,
crassifolia,laurina,Gonzalez-Rodriguez et al. 2004,morphology/genetic,1,,,,
crassipes,laurina,Gonzalez-Rodriguez et al. 2004,morphology/genetic,1,,,,
laurina,mexicana,Gonzalez-Rodriguez et al. 2004,morphology/genetic,1,,,,
laurina,rubramenta,Gonzalez-Rodriguez et al. 2004,morphology/genetic,1,,,,
coccifera,ilex,Jimenez et al. 2004,morphology/genetic,1,,,,
canariensis,faginea,Morales et al. 2005,genetic,1,,,,
husitanica,pyrenaica,Morales et al. 2005,genetic,1,,,,
canariensis,suber,Mir et al. 2006,morphology/genetic,1,1,disputed by ***,,
cerris,suber,Conte et al. 2007,genetic,1,,,,
aliena,dentata,Okura et al. 2007,genetic,1,,,,
aliena,mongolica,Okura et al. 2007,genetic,1,,,,
aliena,serrata,Okura et al. 2007,genetic,1,,,,
dentata,serrata,Okura et al. 2007,genetic,1,,,,
mongolica,serrata,Okura et al. 2007,genetic,1,,,,
geminata,virginiana,Cavender-Bares and Pahlch 2009,morphology/genetic,1,,,,
hypoleucoides,scytophylla,Penaloza-Ramirez et al. 2010,morphology/genetic,1,,,,
hypoleucoides,sideroxyla,Penaloza-Ramirez et al. 2010,morphology/genetic,1,,,,
scytophylla,sideroxyla,Penaloza-Ramirez et al. 2010,morphology/genetic,1,,,,
alnifolia,calliprinos,Toumi and Lumaret 2010,genetic/reference,1,,,,
calliprinos,coccifera,Toumi and Lumaret 2010,genetic/reference,1,,,,
calliprinos,ilex,Toumi and Lumaret 2010,genetic/reference,1,,,,
alnifolia,coccifera,Neophytou et al. 2011,reference,1,,,,
liaotungensis,mongolica,Zeng et al. 2011,genetic,1,,,,
falcata,rubra,Moran et al. 2012 ,genetic,1,,,,
douglasii,gambelii,Gailing and Curtu 2014,reference,1,,,,
douglasii,lobata,Gailing and Curtu 2014,reference,1,,,,
douglasii,turbinella,Gailing and Curtu 2014,reference,1,,,,
gambelii,robur,Gailing and Curtu 2014,reference,1,,,,
garryana,turbinella,Gailing and Curtu 2014,reference,1,,,,
lobata,macrocarpa,Gailing and Curtu 2014,reference,1,,,,
lobata,turbinella,Gailing and Curtu 2014,reference,1,,,,
macrocarpa,mongolica,Gailing and Curtu 2014,reference,1,,,,
macrocarpa,robur,Gailing and Curtu 2014,reference,1,,,,
macrocarpa,turbinella,Gailing and Curtu 2014,reference,1,,,,
mongolica,turbinella,Gailing and Curtu 2014,reference,1,,,,
robur,turbinella,Gailing and Curtu 2014,reference,1,,,,
stellata,turbinella,Gailing and Curtu 2014,reference,1,,,,
turbinella,virginiana,Gailing and Curtu 2014,reference,1,,,,
berberidifolia,engelmannii,Ortego et al. 2014,genetic,1,,,,
cornelius‚Äêmulleri,engelmannii,Ortego et al. 2014,genetic,1,,,,
durata,engelmannii,Ortego et al. 2014,genetic,1,,,,
acuta,sessilifolia,Tamaki and Okada 2014,genetic,1,,,,
fusiformis,oleoides,Cavender-Bares et al. 2015,genetic,1,,,,
fusiformis,virginiana,Cavender-Bares et al. 2015,genetic,1,,,,
oleoides,sagraeana,Eaton et al. 2015,genetic,1,,,,
sagraeana,virginiana,Eaton et al. 2015,genetic,1,,,,
austrocochinchinensis,kerrii,Song et al. 2015,morphology,1,,,,
castanea,crassifolia,Valencia-Cuevas et al. 2015,genetic,1,,,,
castanea,crassipes,Valencia-Cuevas et al. 2015,genetic,1,,,,
castanea,laurina,Valencia-Cuevas et al. 2015,genetic,1,,,,
castanea,mexicana,Valencia-Cuevas et al. 2015,genetic,1,,,,
hinckleyi,pungens,Backs et al. 2016,genetic,1,,,,
hinckleyi,vaseyana,Backs et al. 2016,genetic,1,,,,
magnoliifolia,resinosa,Perez-Lopez et al. 2016,reference,1,,,,
garryana,sadleriana,McVay et al. 2017b,reference,1,,,,
pontica,robur,McVay et al. 2017b,reference,1,,,,
pontica,sadleriana,?,genetic,1,,,,
engelmannii,lobata,Kim et al. 2018,genetic,1,,,,
chrysolepis,tomentella,Ortego et al. 2018,genetic,1,,,,
brantii,macrolepis,Simeone et al. 2018 ,genetic,1,,,,
ithaburensis,libani,Simeone et al. 2018 ,genetic,1,,,,
libani,trojana,Simeone et al. 2018 ,genetic,1,,,,
suber,trojana,Simeone et al. 2018 ,genetic,1,,,,
phellos,nigra,"Burke, C. J. (1961). An evaluation of three hybrid-containing oak populations on the North Carolina Outer Banks. Journal of the Elisha Mitchell Scientific Society 78(l):18-21. OR  Burke, C. J. (1963). The hybrid nature of Quercus laurifolia. Journal of the Elisha Mitchell Scientific Society 79(2):159-163. ",,1,,,,
sinuata,virginiana,Muller 1952,morphology,0,,,,
sinuata,laceyi,Muller 1952,morphology,0,,,,
sinuata,pungens,Muller 1952,morphology,0,,,,
sinuata,mohriana,Muller 1952,morphology,0,,,,
virginiana,laceyi,Muller 1952,morphology,0,,,,
virginiana,pungens,Muller 1952,morphology,0,,,,
virginiana,mohriana,Muller 1952,morphology,0,,,,
laceyi,pungens,Muller 1952,morphology,0,,,,
laceyi,mohriana,Muller 1952,morphology,0,,,,
pungens,mohriana,Muller 1952,morphology,0,,,,
emoryi,gravesii,Muller 1952,morphology,0,,,,
hypoleucoides,gravesii,Muller 1952,morphology,0,,,,
alba,championii,Hardin 1975,morphology,0,,,,
alba,oglethorpensis,Hardin 1975,morphology,0,,,,
alba,minima,Hardin 1975,morphology,0,,,,
alba,virginiana,Hardin 1975,morphology,0,,,,
margarettae,championii,Hardin 1975,morphology,0,,,,
margarettae,oglethorpensis,Hardin 1975,morphology,0,,,,
margarettae,durandii,Hardin 1975,morphology,0,,,,
margarettae,minima,Hardin 1975,morphology,0,,,,
margarettae,prinoides,Hardin 1975,morphology,0,,,,
margarettae,muhlenbergii,Hardin 1975,morphology,0,,,,
margarettae,michauxii,Hardin 1975,morphology,0,,,,
margarettae,montana,Hardin 1975,morphology,0,,,,
margarettae,bicolor,Hardin 1975,morphology,0,,,,
margarettae,macrocarpa,Hardin 1975,morphology,0,,,,
margarettae,lyrata,Hardin 1975,morphology,0,,,,
stellata,championii,Hardin 1975,morphology,0,,,,
stellata,oglethorpensis,Hardin 1975,morphology,0,,,,
stellata,muhlenbergii,Hardin 1975,morphology,0,,,,
stellata,michauxii,Hardin 1975,morphology,0,,,,
austrina,championii,Hardin 1975,morphology,0,,,,
austrina,oglethorpensis,Hardin 1975,morphology,0,,,,
austrina,durandii,Hardin 1975,morphology,0,,,,
austrina,minima,Hardin 1975,morphology,0,,,,
austrina,prinoides,Hardin 1975,morphology,0,,,,
austrina,muhlenbergii,Hardin 1975,morphology,0,,,,
austrina,michauxii,Hardin 1975,morphology,0,,,,
austrina,montana,Hardin 1975,morphology,0,,,,
austrina,bicolor,Hardin 1975,morphology,0,,,,
austrina,macrocarpa,Hardin 1975,morphology,0,,,,
durandii,championii,Hardin 1975,morphology,0,,,,
durandii,oglethorpensis,Hardin 1975,morphology,0,,,,
durandii,minima,Hardin 1975,morphology,0,,,,
durandii,virginiana,Hardin 1975,morphology,0,,,,
durandii,prinoides,Hardin 1975,morphology,0,,,,
durandii,muhlenbergii,Hardin 1975,morphology,0,,,,
durandii,michauxii,Hardin 1975,morphology,0,,,,
durandii,montana,Hardin 1975,morphology,0,,,,
durandii,bicolor,Hardin 1975,morphology,0,,,,
durandii,macrocarpa,Hardin 1975,morphology,0,,,,
minima,championii,Hardin 1975,morphology,0,,,,
minima,oglethorpensis,Hardin 1975,morphology,0,,,,
minima,prinoides,Hardin 1975,morphology,0,,,,
minima,muhlenbergii,Hardin 1975,morphology,0,,,,
minima,michauxii,Hardin 1975,morphology,0,,,,
minima,montana,Hardin 1975,morphology,0,,,,
minima,bicolor,Hardin 1975,morphology,0,,,,
minima,macrocarpa,Hardin 1975,morphology,0,,,,
minima,lyrata,Hardin 1975,morphology,0,,,,
virginiana,championii,Hardin 1975,morphology,0,,,,
virginiana,oglethorpensis,Hardin 1975,morphology,0,,,,
virginiana,prinoides,Hardin 1975,morphology,0,,,,
virginiana,muhlenbergii,Hardin 1975,morphology,0,,,,
virginiana,michauxii,Hardin 1975,morphology,0,,,,
virginiana,montana,Hardin 1975,morphology,0,,,,
prinoides,championii,Hardin 1975,morphology,0,,,,
prinoides,oglethorpensis,Hardin 1975,morphology,0,,,,
prinoides,michauxii,Hardin 1975,morphology,0,,,,
prinoides,montana,Hardin 1975,morphology,0,,,,
prinoides,bicolor,Hardin 1975,morphology,0,,,,
prinoides,macrocarpa,Hardin 1975,morphology,0,,,,
prinoides,lyrata,Hardin 1975,morphology,0,,,,
muhlenbergii,championii,Hardin 1975,morphology,0,,,,
muhlenbergii,oglethorpensis,Hardin 1975,morphology,0,,,,
muhlenbergii,michauxii,Hardin 1975,morphology,0,,,,
muhlenbergii,montana,Hardin 1975,morphology,0,,,,
muhlenbergii,bicolor,Hardin 1975,morphology,0,,,,
muhlenbergii,lyrata,Hardin 1975,morphology,0,,,,
michauxii,championii,Hardin 1975,morphology,0,,,,
michauxii,oglethorpensis,Hardin 1975,morphology,0,,,,
michauxii,montana,Hardin 1975,morphology,0,,,,
michauxii,bicolor,Hardin 1975,morphology,0,,,,
montana,championii,Hardin 1975,morphology,0,,,,
montana,oglethorpensis,Hardin 1975,morphology,0,,,,
montana,macrocarpa,Hardin 1975,morphology,0,,,,
montana,lyrata,Hardin 1975,morphology,0,,,,
bicolor,championii,Hardin 1975,morphology,0,,,,
bicolor,oglethorpensis,Hardin 1975,morphology,0,,,,
macrocarpa,championii,Hardin 1975,morphology,0,,,,
macrocarpa,oglethorpensis,Hardin 1975,morphology,0,,,,
lyrata,championii,Hardin 1975,morphology,0,,,,
lyrata,oglethorpensis,Hardin 1975,morphology,0,,,,
chenii,phillyreoides,sproc,sproc,0,,,,
chenii,engleriana,sproc,sproc,0,,,,
chenii,semecarpifolia,sproc,sproc,0,,,,
chenii,championii,sproc,sproc,0,,,,
chenii,myrsinifolia,sproc,sproc,0,,,,
chenii,pachyloma,sproc,sproc,0,,,,
chenii,falcata,sproc,sproc,0,,,,
chenii,dentata,sproc,sproc,0,,,,
chenii,griffithii,sproc,sproc,0,,,,
chenii,aliena,sproc,sproc,0,,,,
chenii,fabri,sproc,sproc,0,,,,
acutissima,franchetii,sproc,sproc,0,,,,
acutissima,phillyreoides,sproc,sproc,0,,,,
acutissima,baronii,sproc,sproc,0,,,,
acutissima,engleriana,sproc,sproc,0,,,,
acutissima,semecarpifolia,sproc,sproc,0,,,,
acutissima,pseudosemecarpifolia,sproc,sproc,0,,,,
acutissima,monimotricha,sproc,sproc,0,,,,
acutissima,gujavifolia,sproc,sproc,0,,,,
acutissima,championii,sproc,sproc,0,,,,
acutissima,delavayi,sproc,sproc,0,,,,
acutissima,schottkyana,sproc,sproc,0,,,,
acutissima,oxyodon,sproc,sproc,0,,,,
acutissima,myrsinifolia,sproc,sproc,0,,,,
acutissima,salicina,sproc,sproc,0,,,,
acutissima,acuta,sproc,sproc,0,,,,
acutissima,sessilifolia,sproc,sproc,0,,,,
acutissima,blakei,sproc,sproc,0,,,,
acutissima,pachyloma,sproc,sproc,0,,,,
acutissima,falcata,sproc,sproc,0,,,,
acutissima,mongolica,sproc,sproc,0,,,,
acutissima,dentata,sproc,sproc,0,,,,
acutissima,serrata,sproc,sproc,0,,,,
acutissima,griffithii,sproc,sproc,0,,,,
acutissima,aliena,sproc,sproc,0,,,,
acutissima,fabri,sproc,sproc,0,,,,
ithaburensis,phillyreoides,sproc,sproc,0,,,,
ithaburensis,texana,sproc,sproc,0,,,,
ithaburensis,pagoda,sproc,sproc,0,,,,
ithaburensis,falcata,sproc,sproc,0,,,,
ithaburensis,macranthera,sproc,sproc,0,,,,
ithaburensis,infectoria,sproc,sproc,0,,,,
ithaburensis,boissieri,sproc,sproc,0,,,,
ithaburensis,frainetto,sproc,sproc,0,,,,
suber,phillyreoides,sproc,sproc,0,,,,
suber,rotundifolia,sproc,sproc,0,,,,
suber,ilex,sproc,sproc,0,,,,
suber,coccifera,sproc,sproc,0,,,,
suber,texana,sproc,sproc,0,,,,
suber,pagoda,sproc,sproc,0,,,,
suber,falcata,sproc,sproc,0,,,,
suber,costaricensis,sproc,sproc,0,,,,
suber,petraea,sproc,sproc,0,,,,
suber,robur,sproc,sproc,0,,,,
suber,canariensis,sproc,sproc,0,,,,
suber,lusitanica,sproc,sproc,0,,,,
suber,faginea,sproc,sproc,0,,,,
suber,macranthera,sproc,sproc,0,,,,
suber,pyrenaica,sproc,sproc,0,,,,
suber,pubescens,sproc,sproc,0,,,,
suber,frainetto,sproc,sproc,0,,,,
cerris,phillyreoides,sproc,sproc,0,,,,
cerris,rotundifolia,sproc,sproc,0,,,,
cerris,ilex,sproc,sproc,0,,,,
cerris,coccifera,sproc,sproc,0,,,,
cerris,texana,sproc,sproc,0,,,,
cerris,pagoda,sproc,sproc,0,,,,
cerris,falcata,sproc,sproc,0,,,,
cerris,costaricensis,sproc,sproc,0,,,,
cerris,petraea,sproc,sproc,0,,,,
cerris,robur,sproc,sproc,0,,,,
cerris,canariensis,sproc,sproc,0,,,,
cerris,lusitanica,sproc,sproc,0,,,,
cerris,faginea,sproc,sproc,0,,,,
cerris,macranthera,sproc,sproc,0,,,,
cerris,pyrenaica,sproc,sproc,0,,,,
cerris,infectoria,sproc,sproc,0,,,,
cerris,boissieri,sproc,sproc,0,,,,
cerris,pubescens,sproc,sproc,0,,,,
cerris,frainetto,sproc,sproc,0,,,,
franchetii,delavayi,sproc,sproc,0,,,,
franchetii,schottkyana,sproc,sproc,0,,,,
franchetii,oxyodon,sproc,sproc,0,,,,
franchetii,griffithii,sproc,sproc,0,,,,
phillyreoides,championii,sproc,sproc,0,,,,
phillyreoides,delavayi,sproc,sproc,0,,,,
phillyreoides,kerrii,sproc,sproc,0,,,,
phillyreoides,schottkyana,sproc,sproc,0,,,,
phillyreoides,oxyodon,sproc,sproc,0,,,,
phillyreoides,myrsinifolia,sproc,sproc,0,,,,
phillyreoides,salicina,sproc,sproc,0,,,,
phillyreoides,acuta,sproc,sproc,0,,,,
phillyreoides,sessilifolia,sproc,sproc,0,,,,
phillyreoides,blakei,sproc,sproc,0,,,,
phillyreoides,pachyloma,sproc,sproc,0,,,,
phillyreoides,texana,sproc,sproc,0,,,,
phillyreoides,pagoda,sproc,sproc,0,,,,
phillyreoides,falcata,sproc,sproc,0,,,,
phillyreoides,costaricensis,sproc,sproc,0,,,,
phillyreoides,mongolica,sproc,sproc,0,,,,
phillyreoides,dentata,sproc,sproc,0,,,,
phillyreoides,serrata,sproc,sproc,0,,,,
phillyreoides,griffithii,sproc,sproc,0,,,,
phillyreoides,aliena,sproc,sproc,0,,,,
phillyreoides,fabri,sproc,sproc,0,,,,
phillyreoides,robur,sproc,sproc,0,,,,
phillyreoides,canariensis,sproc,sproc,0,,,,
phillyreoides,lusitanica,sproc,sproc,0,,,,
phillyreoides,faginea,sproc,sproc,0,,,,
phillyreoides,macranthera,sproc,sproc,0,,,,
phillyreoides,pyrenaica,sproc,sproc,0,,,,
phillyreoides,infectoria,sproc,sproc,0,,,,
phillyreoides,boissieri,sproc,sproc,0,,,,
phillyreoides,pubescens,sproc,sproc,0,,,,
phillyreoides,frainetto,sproc,sproc,0,,,,
baronii,championii,sproc,sproc,0,,,,
baronii,schottkyana,sproc,sproc,0,,,,
baronii,oxyodon,sproc,sproc,0,,,,
baronii,falcata,sproc,sproc,0,,,,
baronii,griffithii,sproc,sproc,0,,,,
rotundifolia,texana,sproc,sproc,0,,,,
rotundifolia,pagoda,sproc,sproc,0,,,,
rotundifolia,falcata,sproc,sproc,0,,,,
rotundifolia,costaricensis,sproc,sproc,0,,,,
rotundifolia,canariensis,sproc,sproc,0,,,,
rotundifolia,lusitanica,sproc,sproc,0,,,,
rotundifolia,faginea,sproc,sproc,0,,,,
rotundifolia,pyrenaica,sproc,sproc,0,,,,
rotundifolia,frainetto,sproc,sproc,0,,,,
ilex,texana,sproc,sproc,0,,,,
ilex,pagoda,sproc,sproc,0,,,,
ilex,falcata,sproc,sproc,0,,,,
ilex,costaricensis,sproc,sproc,0,,,,
ilex,petraea,sproc,sproc,0,,,,
ilex,robur,sproc,sproc,0,,,,
ilex,canariensis,sproc,sproc,0,,,,
ilex,lusitanica,sproc,sproc,0,,,,
ilex,faginea,sproc,sproc,0,,,,
ilex,macranthera,sproc,sproc,0,,,,
ilex,pyrenaica,sproc,sproc,0,,,,
ilex,pubescens,sproc,sproc,0,,,,
ilex,frainetto,sproc,sproc,0,,,,
coccifera,texana,sproc,sproc,0,,,,
coccifera,pagoda,sproc,sproc,0,,,,
coccifera,falcata,sproc,sproc,0,,,,
coccifera,costaricensis,sproc,sproc,0,,,,
coccifera,robur,sproc,sproc,0,,,,
coccifera,canariensis,sproc,sproc,0,,,,
coccifera,lusitanica,sproc,sproc,0,,,,
coccifera,faginea,sproc,sproc,0,,,,
coccifera,macranthera,sproc,sproc,0,,,,
coccifera,pyrenaica,sproc,sproc,0,,,,
coccifera,pubescens,sproc,sproc,0,,,,
coccifera,frainetto,sproc,sproc,0,,,,
engleriana,championii,sproc,sproc,0,,,,
engleriana,schottkyana,sproc,sproc,0,,,,
engleriana,oxyodon,sproc,sproc,0,,,,
engleriana,blakei,sproc,sproc,0,,,,
engleriana,pachyloma,sproc,sproc,0,,,,
engleriana,falcata,sproc,sproc,0,,,,
engleriana,griffithii,sproc,sproc,0,,,,
engleriana,fabri,sproc,sproc,0,,,,
semecarpifolia,championii,sproc,sproc,0,,,,
semecarpifolia,delavayi,sproc,sproc,0,,,,
semecarpifolia,kerrii,sproc,sproc,0,,,,
semecarpifolia,schottkyana,sproc,sproc,0,,,,
semecarpifolia,oxyodon,sproc,sproc,0,,,,
semecarpifolia,blakei,sproc,sproc,0,,,,
semecarpifolia,pachyloma,sproc,sproc,0,,,,
semecarpifolia,texana,sproc,sproc,0,,,,
semecarpifolia,pagoda,sproc,sproc,0,,,,
semecarpifolia,falcata,sproc,sproc,0,,,,
semecarpifolia,griffithii,sproc,sproc,0,,,,
semecarpifolia,fabri,sproc,sproc,0,,,,
pseudosemecarpifolia,delavayi,sproc,sproc,0,,,,
pseudosemecarpifolia,schottkyana,sproc,sproc,0,,,,
pseudosemecarpifolia,oxyodon,sproc,sproc,0,,,,
pseudosemecarpifolia,falcata,sproc,sproc,0,,,,
pseudosemecarpifolia,griffithii,sproc,sproc,0,,,,
monimotricha,delavayi,sproc,sproc,0,,,,
monimotricha,schottkyana,sproc,sproc,0,,,,
monimotricha,oxyodon,sproc,sproc,0,,,,
monimotricha,falcata,sproc,sproc,0,,,,
monimotricha,griffithii,sproc,sproc,0,,,,
gujavifolia,delavayi,sproc,sproc,0,,,,
gujavifolia,schottkyana,sproc,sproc,0,,,,
gujavifolia,oxyodon,sproc,sproc,0,,,,
gujavifolia,falcata,sproc,sproc,0,,,,
gujavifolia,griffithii,sproc,sproc,0,,,,
longispica,delavayi,sproc,sproc,0,,,,
longispica,schottkyana,sproc,sproc,0,,,,
longispica,oxyodon,sproc,sproc,0,,,,
longispica,falcata,sproc,sproc,0,,,,
longispica,griffithii,sproc,sproc,0,,,,
championii,falcata,sproc,sproc,0,,,,
championii,griffithii,sproc,sproc,0,,,,
championii,aliena,sproc,sproc,0,,,,
championii,fabri,sproc,sproc,0,,,,
delavayi,griffithii,sproc,sproc,0,,,,
kerrii,griffithii,sproc,sproc,0,,,,
schottkyana,falcata,sproc,sproc,0,,,,
schottkyana,griffithii,sproc,sproc,0,,,,
oxyodon,falcata,sproc,sproc,0,,,,
oxyodon,griffithii,sproc,sproc,0,,,,
myrsinifolia,mongolica,sproc,sproc,0,,,,
myrsinifolia,dentata,sproc,sproc,0,,,,
myrsinifolia,serrata,sproc,sproc,0,,,,
myrsinifolia,griffithii,sproc,sproc,0,,,,
myrsinifolia,aliena,sproc,sproc,0,,,,
myrsinifolia,fabri,sproc,sproc,0,,,,
salicina,mongolica,sproc,sproc,0,,,,
salicina,dentata,sproc,sproc,0,,,,
salicina,serrata,sproc,sproc,0,,,,
acuta,mongolica,sproc,sproc,0,,,,
acuta,dentata,sproc,sproc,0,,,,
acuta,serrata,sproc,sproc,0,,,,
sessilifolia,mongolica,sproc,sproc,0,,,,
sessilifolia,dentata,sproc,sproc,0,,,,
sessilifolia,serrata,sproc,sproc,0,,,,
blakei,griffithii,sproc,sproc,0,,,,
blakei,fabri,sproc,sproc,0,,,,
pachyloma,dentata,sproc,sproc,0,,,,
pachyloma,griffithii,sproc,sproc,0,,,,
pachyloma,aliena,sproc,sproc,0,,,,
pachyloma,fabri,sproc,sproc,0,,,,
kelloggii,palmeri,sproc,sproc,0,,,,
kelloggii,vacciniifolia,sproc,sproc,0,,,,
kelloggii,tomentella,sproc,sproc,0,,,,
kelloggii,chrysolepis,sproc,sproc,0,,,,
kelloggii,sadleriana,sproc,sproc,0,,,,
kelloggii,lobata,sproc,sproc,0,,,,
kelloggii,garryana,sproc,sproc,0,,,,
kelloggii,engelmannii,sproc,sproc,0,,,,
kelloggii,durata,sproc,sproc,0,,,,
kelloggii,berberidifolia,sproc,sproc,0,,,,
kelloggii,douglasii,sproc,sproc,0,,,,
kelloggii,john-tuckeri,sproc,sproc,0,,,,
kelloggii,cornelius-mulleri,sproc,sproc,0,,,,
kelloggii,dumosa,sproc,sproc,0,,,,
kelloggii,turbinella,sproc,sproc,0,,,,
wislizeni,cedrosensis,sproc,sproc,0,,,,
wislizeni,palmeri,sproc,sproc,0,,,,
wislizeni,vacciniifolia,sproc,sproc,0,,,,
wislizeni,tomentella,sproc,sproc,0,,,,
wislizeni,chrysolepis,sproc,sproc,0,,,,
wislizeni,lobata,sproc,sproc,0,,,,
wislizeni,garryana,sproc,sproc,0,,,,
wislizeni,engelmannii,sproc,sproc,0,,,,
wislizeni,durata,sproc,sproc,0,,,,
wislizeni,berberidifolia,sproc,sproc,0,,,,
wislizeni,douglasii,sproc,sproc,0,,,,
wislizeni,john-tuckeri,sproc,sproc,0,,,,
wislizeni,cornelius-mulleri,sproc,sproc,0,,,,
wislizeni,dumosa,sproc,sproc,0,,,,
wislizeni,turbinella,sproc,sproc,0,,,,
agrifolia,cedrosensis,sproc,sproc,0,,,,
agrifolia,palmeri,sproc,sproc,0,,,,
agrifolia,vacciniifolia,sproc,sproc,0,,,,
agrifolia,tomentella,sproc,sproc,0,,,,
agrifolia,chrysolepis,sproc,sproc,0,,,,
agrifolia,lobata,sproc,sproc,0,,,,
agrifolia,garryana,sproc,sproc,0,,,,
agrifolia,engelmannii,sproc,sproc,0,,,,
agrifolia,durata,sproc,sproc,0,,,,
agrifolia,berberidifolia,sproc,sproc,0,,,,
agrifolia,douglasii,sproc,sproc,0,,,,
agrifolia,john-tuckeri,sproc,sproc,0,,,,
agrifolia,cornelius-mulleri,sproc,sproc,0,,,,
agrifolia,dumosa,sproc,sproc,0,,,,
agrifolia,turbinella,sproc,sproc,0,,,,
texana,fusiformis,sproc,sproc,0,,,,
texana,prinoides,sproc,sproc,0,,,,
texana,muehlenbergii,sproc,sproc,0,,,,
texana,macrocarpa,sproc,sproc,0,,,,
texana,lyrata,sproc,sproc,0,,,,
texana,bicolor,sproc,sproc,0,,,,
texana,montana,sproc,sproc,0,,,,
texana,michauxii,sproc,sproc,0,,,,
texana,alba,sproc,sproc,0,,,,
texana,griffithii,sproc,sproc,0,,,,
texana,petraea,sproc,sproc,0,,,,
texana,robur,sproc,sproc,0,,,,
texana,canariensis,sproc,sproc,0,,,,
texana,lusitanica,sproc,sproc,0,,,,
texana,faginea,sproc,sproc,0,,,,
texana,macranthera,sproc,sproc,0,,,,
texana,pyrenaica,sproc,sproc,0,,,,
texana,infectoria,sproc,sproc,0,,,,
texana,boissieri,sproc,sproc,0,,,,
texana,pubescens,sproc,sproc,0,,,,
texana,frainetto,sproc,sproc,0,,,,
texana,mohriana,sproc,sproc,0,,,,
texana,polymorpha,sproc,sproc,0,,,,
texana,laceyi,sproc,sproc,0,,,,
texana,vaseyana,sproc,sproc,0,,,,
texana,pungens,sproc,sproc,0,,,,
texana,sinuata,sproc,sproc,0,,,,
texana,havardii,sproc,sproc,0,,,,
texana,margarettaee,sproc,sproc,0,,,,
texana,stellata,sproc,sproc,0,,,,
texana,rugosa,sproc,sproc,0,,,,
texana,glaucoides,sproc,sproc,0,,,,
texana,grisea,sproc,sproc,0,,,,
texana,turbinella,sproc,sproc,0,,,,
palustris,cedrosensis,sproc,sproc,0,,,,
palustris,palmeri,sproc,sproc,0,,,,
palustris,vacciniifolia,sproc,sproc,0,,,,
palustris,tomentella,sproc,sproc,0,,,,
palustris,chrysolepis,sproc,sproc,0,,,,
palustris,sadleriana,sproc,sproc,0,,,,
palustris,fusiformis,sproc,sproc,0,,,,
palustris,prinoides,sproc,sproc,0,,,,
palustris,muehlenbergii,sproc,sproc,0,,,,
palustris,macrocarpa,sproc,sproc,0,,,,
palustris,lyrata,sproc,sproc,0,,,,
palustris,bicolor,sproc,sproc,0,,,,
palustris,lobata,sproc,sproc,0,,,,
palustris,garryana,sproc,sproc,0,,,,
palustris,engelmannii,sproc,sproc,0,,,,
palustris,durata,sproc,sproc,0,,,,
palustris,berberidifolia,sproc,sproc,0,,,,
palustris,douglasii,sproc,sproc,0,,,,
palustris,john-tuckeri,sproc,sproc,0,,,,
palustris,cornelius-mulleri,sproc,sproc,0,,,,
palustris,dumosa,sproc,sproc,0,,,,
palustris,montana,sproc,sproc,0,,,,
palustris,michauxii,sproc,sproc,0,,,,
palustris,alba,sproc,sproc,0,,,,
palustris,mohriana,sproc,sproc,0,,,,
palustris,polymorpha,sproc,sproc,0,,,,
palustris,laceyi,sproc,sproc,0,,,,
palustris,vaseyana,sproc,sproc,0,,,,
palustris,pungens,sproc,sproc,0,,,,
palustris,sinuata,sproc,sproc,0,,,,
palustris,havardii,sproc,sproc,0,,,,
palustris,margarettaee,sproc,sproc,0,,,,
palustris,stellata,sproc,sproc,0,,,,
palustris,rugosa,sproc,sproc,0,,,,
palustris,grisea,sproc,sproc,0,,,,
palustris,oblongifolia,sproc,sproc,0,,,,
palustris,toumeyi,sproc,sproc,0,,,,
palustris,turbinella,sproc,sproc,0,,,,
ilicifolia,prinoides,sproc,sproc,0,,,,
ilicifolia,muehlenbergii,sproc,sproc,0,,,,
ilicifolia,lyrata,sproc,sproc,0,,,,
ilicifolia,bicolor,sproc,sproc,0,,,,
ilicifolia,montana,sproc,sproc,0,,,,
ilicifolia,michauxii,sproc,sproc,0,,,,
ilicifolia,alba,sproc,sproc,0,,,,
ilicifolia,stellata,sproc,sproc,0,,,,
velutina,prinoides,sproc,sproc,0,,,,
velutina,muehlenbergii,sproc,sproc,0,,,,
velutina,macrocarpa,sproc,sproc,0,,,,
velutina,lyrata,sproc,sproc,0,,,,
velutina,bicolor,sproc,sproc,0,,,,
velutina,montana,sproc,sproc,0,,,,
velutina,michauxii,sproc,sproc,0,,,,
velutina,alba,sproc,sproc,0,,,,
velutina,polymorpha,sproc,sproc,0,,,,
velutina,sinuata,sproc,sproc,0,,,,
velutina,margarettaee,sproc,sproc,0,,,,
velutina,stellata,sproc,sproc,0,,,,
imbricaria,prinoides,sproc,sproc,0,,,,
imbricaria,muehlenbergii,sproc,sproc,0,,,,
imbricaria,macrocarpa,sproc,sproc,0,,,,
imbricaria,lyrata,sproc,sproc,0,,,,
imbricaria,bicolor,sproc,sproc,0,,,,
imbricaria,montana,sproc,sproc,0,,,,
imbricaria,michauxii,sproc,sproc,0,,,,
imbricaria,alba,sproc,sproc,0,,,,
imbricaria,sinuata,sproc,sproc,0,,,,
imbricaria,margarettaee,sproc,sproc,0,,,,
imbricaria,stellata,sproc,sproc,0,,,,
ellipsoidalis,prinoides,sproc,sproc,0,,,,
ellipsoidalis,muehlenbergii,sproc,sproc,0,,,,
ellipsoidalis,macrocarpa,sproc,sproc,0,,,,
ellipsoidalis,lyrata,sproc,sproc,0,,,,
ellipsoidalis,bicolor,sproc,sproc,0,,,,
ellipsoidalis,montana,sproc,sproc,0,,,,
ellipsoidalis,michauxii,sproc,sproc,0,,,,
ellipsoidalis,alba,sproc,sproc,0,,,,
ellipsoidalis,stellata,sproc,sproc,0,,,,
shumardii,fusiformis,sproc,sproc,0,,,,
shumardii,prinoides,sproc,sproc,0,,,,
shumardii,muehlenbergii,sproc,sproc,0,,,,
shumardii,macrocarpa,sproc,sproc,0,,,,
shumardii,lyrata,sproc,sproc,0,,,,
shumardii,bicolor,sproc,sproc,0,,,,
shumardii,montana,sproc,sproc,0,,,,
shumardii,michauxii,sproc,sproc,0,,,,
shumardii,alba,sproc,sproc,0,,,,
shumardii,mohriana,sproc,sproc,0,,,,
shumardii,polymorpha,sproc,sproc,0,,,,
shumardii,laceyi,sproc,sproc,0,,,,
shumardii,vaseyana,sproc,sproc,0,,,,
shumardii,pungens,sproc,sproc,0,,,,
shumardii,sinuata,sproc,sproc,0,,,,
shumardii,havardii,sproc,sproc,0,,,,
shumardii,margarettaee,sproc,sproc,0,,,,
shumardii,stellata,sproc,sproc,0,,,,
shumardii,glaucoides,sproc,sproc,0,,,,
rubra,prinoides,sproc,sproc,0,,,,
rubra,muehlenbergii,sproc,sproc,0,,,,
rubra,macrocarpa,sproc,sproc,0,,,,
rubra,lyrata,sproc,sproc,0,,,,
rubra,bicolor,sproc,sproc,0,,,,
rubra,montana,sproc,sproc,0,,,,
rubra,michauxii,sproc,sproc,0,,,,
rubra,alba,sproc,sproc,0,,,,
rubra,polymorpha,sproc,sproc,0,,,,
rubra,sinuata,sproc,sproc,0,,,,
rubra,margarettaee,sproc,sproc,0,,,,
rubra,stellata,sproc,sproc,0,,,,
coccinea,palmeri,sproc,sproc,0,,,,
coccinea,tomentella,sproc,sproc,0,,,,
coccinea,chrysolepis,sproc,sproc,0,,,,
coccinea,fusiformis,sproc,sproc,0,,,,
coccinea,prinoides,sproc,sproc,0,,,,
coccinea,muehlenbergii,sproc,sproc,0,,,,
coccinea,macrocarpa,sproc,sproc,0,,,,
coccinea,lyrata,sproc,sproc,0,,,,
coccinea,bicolor,sproc,sproc,0,,,,
coccinea,engelmannii,sproc,sproc,0,,,,
coccinea,berberidifolia,sproc,sproc,0,,,,
coccinea,john-tuckeri,sproc,sproc,0,,,,
coccinea,cornelius-mulleri,sproc,sproc,0,,,,
coccinea,dumosa,sproc,sproc,0,,,,
coccinea,montana,sproc,sproc,0,,,,
coccinea,michauxii,sproc,sproc,0,,,,
coccinea,alba,sproc,sproc,0,,,,
coccinea,mohriana,sproc,sproc,0,,,,
coccinea,polymorpha,sproc,sproc,0,,,,
coccinea,laceyi,sproc,sproc,0,,,,
coccinea,vaseyana,sproc,sproc,0,,,,
coccinea,pungens,sproc,sproc,0,,,,
coccinea,sinuata,sproc,sproc,0,,,,
coccinea,havardii,sproc,sproc,0,,,,
coccinea,margarettaee,sproc,sproc,0,,,,
coccinea,stellata,sproc,sproc,0,,,,
coccinea,rugosa,sproc,sproc,0,,,,
coccinea,grisea,sproc,sproc,0,,,,
coccinea,toumeyi,sproc,sproc,0,,,,
coccinea,turbinella,sproc,sproc,0,,,,
pagoda,prinoides,sproc,sproc,0,,,,
pagoda,muehlenbergii,sproc,sproc,0,,,,
pagoda,macrocarpa,sproc,sproc,0,,,,
pagoda,lyrata,sproc,sproc,0,,,,
pagoda,bicolor,sproc,sproc,0,,,,
pagoda,montana,sproc,sproc,0,,,,
pagoda,michauxii,sproc,sproc,0,,,,
pagoda,alba,sproc,sproc,0,,,,
pagoda,griffithii,sproc,sproc,0,,,,
pagoda,robur,sproc,sproc,0,,,,
pagoda,canariensis,sproc,sproc,0,,,,
pagoda,lusitanica,sproc,sproc,0,,,,
pagoda,faginea,sproc,sproc,0,,,,
pagoda,macranthera,sproc,sproc,0,,,,
pagoda,pyrenaica,sproc,sproc,0,,,,
pagoda,infectoria,sproc,sproc,0,,,,
pagoda,boissieri,sproc,sproc,0,,,,
pagoda,pubescens,sproc,sproc,0,,,,
pagoda,frainetto,sproc,sproc,0,,,,
pagoda,polymorpha,sproc,sproc,0,,,,
pagoda,sinuata,sproc,sproc,0,,,,
pagoda,margarettaee,sproc,sproc,0,,,,
pagoda,stellata,sproc,sproc,0,,,,
arkansana,muehlenbergii,sproc,sproc,0,,,,
arkansana,lyrata,sproc,sproc,0,,,,
arkansana,montana,sproc,sproc,0,,,,
arkansana,michauxii,sproc,sproc,0,,,,
arkansana,alba,sproc,sproc,0,,,,
arkansana,sinuata,sproc,sproc,0,,,,
arkansana,margarettaee,sproc,sproc,0,,,,
arkansana,stellata,sproc,sproc,0,,,,
falcata,palmeri,sproc,sproc,0,,,,
falcata,vacciniifolia,sproc,sproc,0,,,,
falcata,chrysolepis,sproc,sproc,0,,,,
falcata,fusiformis,sproc,sproc,0,,,,
falcata,prinoides,sproc,sproc,0,,,,
falcata,muehlenbergii,sproc,sproc,0,,,,
falcata,macrocarpa,sproc,sproc,0,,,,
falcata,lyrata,sproc,sproc,0,,,,
falcata,bicolor,sproc,sproc,0,,,,
falcata,lobata,sproc,sproc,0,,,,
falcata,garryana,sproc,sproc,0,,,,
falcata,durata,sproc,sproc,0,,,,
falcata,berberidifolia,sproc,sproc,0,,,,
falcata,douglasii,sproc,sproc,0,,,,
falcata,dumosa,sproc,sproc,0,,,,
falcata,montana,sproc,sproc,0,,,,
falcata,michauxii,sproc,sproc,0,,,,
falcata,alba,sproc,sproc,0,,,,
falcata,griffithii,sproc,sproc,0,,,,
falcata,aliena,sproc,sproc,0,,,,
falcata,fabri,sproc,sproc,0,,,,
falcata,petraea,sproc,sproc,0,,,,
falcata,robur,sproc,sproc,0,,,,
falcata,canariensis,sproc,sproc,0,,,,
falcata,lusitanica,sproc,sproc,0,,,,
falcata,faginea,sproc,sproc,0,,,,
falcata,macranthera,sproc,sproc,0,,,,
falcata,pyrenaica,sproc,sproc,0,,,,
falcata,infectoria,sproc,sproc,0,,,,
falcata,boissieri,sproc,sproc,0,,,,
falcata,pubescens,sproc,sproc,0,,,,
falcata,frainetto,sproc,sproc,0,,,,
falcata,mohriana,sproc,sproc,0,,,,
falcata,polymorpha,sproc,sproc,0,,,,
falcata,laceyi,sproc,sproc,0,,,,
falcata,vaseyana,sproc,sproc,0,,,,
falcata,pungens,sproc,sproc,0,,,,
falcata,sinuata,sproc,sproc,0,,,,
falcata,havardii,sproc,sproc,0,,,,
falcata,margarettaee,sproc,sproc,0,,,,
falcata,stellata,sproc,sproc,0,,,,
falcata,rugosa,sproc,sproc,0,,,,
falcata,grisea,sproc,sproc,0,,,,
falcata,turbinella,sproc,sproc,0,,,,
nigra,fusiformis,sproc,sproc,0,,,,
nigra,prinoides,sproc,sproc,0,,,,
nigra,muehlenbergii,sproc,sproc,0,,,,
nigra,macrocarpa,sproc,sproc,0,,,,
nigra,lyrata,sproc,sproc,0,,,,
nigra,bicolor,sproc,sproc,0,,,,
nigra,montana,sproc,sproc,0,,,,
nigra,michauxii,sproc,sproc,0,,,,
nigra,alba,sproc,sproc,0,,,,
nigra,mohriana,sproc,sproc,0,,,,
nigra,polymorpha,sproc,sproc,0,,,,
nigra,laceyi,sproc,sproc,0,,,,
nigra,vaseyana,sproc,sproc,0,,,,
nigra,sinuata,sproc,sproc,0,,,,
nigra,margarettaee,sproc,sproc,0,,,,
nigra,stellata,sproc,sproc,0,,,,
laurifolia,fusiformis,sproc,sproc,0,,,,
laurifolia,prinoides,sproc,sproc,0,,,,
laurifolia,muehlenbergii,sproc,sproc,0,,,,
laurifolia,macrocarpa,sproc,sproc,0,,,,
laurifolia,lyrata,sproc,sproc,0,,,,
laurifolia,bicolor,sproc,sproc,0,,,,
laurifolia,montana,sproc,sproc,0,,,,
laurifolia,michauxii,sproc,sproc,0,,,,
laurifolia,alba,sproc,sproc,0,,,,
laurifolia,mohriana,sproc,sproc,0,,,,
laurifolia,polymorpha,sproc,sproc,0,,,,
laurifolia,laceyi,sproc,sproc,0,,,,
laurifolia,vaseyana,sproc,sproc,0,,,,
laurifolia,pungens,sproc,sproc,0,,,,
laurifolia,sinuata,sproc,sproc,0,,,,
laurifolia,margarettaee,sproc,sproc,0,,,,
laurifolia,stellata,sproc,sproc,0,,,,
laurifolia,martinezii,sproc,sproc,0,,,,
laurifolia,germana,sproc,sproc,0,,,,
laurifolia,lancifolia,sproc,sproc,0,,,,
laurifolia,insignis,sproc,sproc,0,,,,
laurifolia,corrugata,sproc,sproc,0,,,,
laurifolia,copeyensis,sproc,sproc,0,,,,
laurifolia,liebmanii,sproc,sproc,0,,,,
laurifolia,glaucescens,sproc,sproc,0,,,,
laurifolia,magnoliifolia,sproc,sproc,0,,,,
laurifolia,resinosa,sproc,sproc,0,,,,
laurifolia,subspathulata,sproc,sproc,0,,,,
laurifolia,segoviensis,sproc,sproc,0,,,,
laurifolia,potosina,sproc,sproc,0,,,,
laurifolia,striatula,sproc,sproc,0,,,,
laurifolia,glabrescens,sproc,sproc,0,,,,
laurifolia,rugosa,sproc,sproc,0,,,,
laurifolia,greggii,sproc,sproc,0,,,,
laurifolia,obtusata,sproc,sproc,0,,,,
laurifolia,peduncularis,sproc,sproc,0,,,,
laurifolia,deserticola,sproc,sproc,0,,,,
laurifolia,diversifolia,sproc,sproc,0,,,,
laurifolia,glaucoides,sproc,sproc,0,,,,
phellos,prinoides,sproc,sproc,0,,,,
phellos,muehlenbergii,sproc,sproc,0,,,,
phellos,macrocarpa,sproc,sproc,0,,,,
phellos,lyrata,sproc,sproc,0,,,,
phellos,bicolor,sproc,sproc,0,,,,
phellos,montana,sproc,sproc,0,,,,
phellos,michauxii,sproc,sproc,0,,,,
phellos,alba,sproc,sproc,0,,,,
phellos,polymorpha,sproc,sproc,0,,,,
phellos,sinuata,sproc,sproc,0,,,,
phellos,margarettaee,sproc,sproc,0,,,,
phellos,stellata,sproc,sproc,0,,,,
laevis,prinoides,sproc,sproc,0,,,,
laevis,muehlenbergii,sproc,sproc,0,,,,
laevis,lyrata,sproc,sproc,0,,,,
laevis,bicolor,sproc,sproc,0,,,,
laevis,montana,sproc,sproc,0,,,,
laevis,michauxii,sproc,sproc,0,,,,
laevis,alba,sproc,sproc,0,,,,
laevis,polymorpha,sproc,sproc,0,,,,
laevis,sinuata,sproc,sproc,0,,,,
laevis,margarettaee,sproc,sproc,0,,,,
laevis,stellata,sproc,sproc,0,,,,
marilandica,fusiformis,sproc,sproc,0,,,,
marilandica,prinoides,sproc,sproc,0,,,,
marilandica,muehlenbergii,sproc,sproc,0,,,,
marilandica,macrocarpa,sproc,sproc,0,,,,
marilandica,lyrata,sproc,sproc,0,,,,
marilandica,bicolor,sproc,sproc,0,,,,
marilandica,montana,sproc,sproc,0,,,,
marilandica,michauxii,sproc,sproc,0,,,,
marilandica,alba,sproc,sproc,0,,,,
marilandica,mohriana,sproc,sproc,0,,,,
marilandica,polymorpha,sproc,sproc,0,,,,
marilandica,sinuata,sproc,sproc,0,,,,
marilandica,margarettaee,sproc,sproc,0,,,,
marilandica,stellata,sproc,sproc,0,,,,
incana,palmeri,sproc,sproc,0,,,,
incana,tomentella,sproc,sproc,0,,,,
incana,chrysolepis,sproc,sproc,0,,,,
incana,fusiformis,sproc,sproc,0,,,,
incana,prinoides,sproc,sproc,0,,,,
incana,muehlenbergii,sproc,sproc,0,,,,
incana,macrocarpa,sproc,sproc,0,,,,
incana,lyrata,sproc,sproc,0,,,,
incana,bicolor,sproc,sproc,0,,,,
incana,lobata,sproc,sproc,0,,,,
incana,engelmannii,sproc,sproc,0,,,,
incana,berberidifolia,sproc,sproc,0,,,,
incana,douglasii,sproc,sproc,0,,,,
incana,john-tuckeri,sproc,sproc,0,,,,
incana,cornelius-mulleri,sproc,sproc,0,,,,
incana,dumosa,sproc,sproc,0,,,,
incana,montana,sproc,sproc,0,,,,
incana,michauxii,sproc,sproc,0,,,,
incana,alba,sproc,sproc,0,,,,
incana,mohriana,sproc,sproc,0,,,,
incana,polymorpha,sproc,sproc,0,,,,
incana,laceyi,sproc,sproc,0,,,,
incana,vaseyana,sproc,sproc,0,,,,
incana,pungens,sproc,sproc,0,,,,
incana,sinuata,sproc,sproc,0,,,,
incana,havardii,sproc,sproc,0,,,,
incana,margarettaee,sproc,sproc,0,,,,
incana,stellata,sproc,sproc,0,,,,
incana,rugosa,sproc,sproc,0,,,,
incana,glaucoides,sproc,sproc,0,,,,
incana,grisea,sproc,sproc,0,,,,
incana,oblongifolia,sproc,sproc,0,,,,
incana,toumeyi,sproc,sproc,0,,,,
incana,turbinella,sproc,sproc,0,,,,
gravesii,fusiformis,sproc,sproc,0,,,,
gravesii,michauxii,sproc,sproc,0,,,,
gravesii,mohriana,sproc,sproc,0,,,,
gravesii,polymorpha,sproc,sproc,0,,,,
gravesii,laceyi,sproc,sproc,0,,,,
gravesii,vaseyana,sproc,sproc,0,,,,
gravesii,pungens,sproc,sproc,0,,,,
gravesii,sinuata,sproc,sproc,0,,,,
gravesii,germana,sproc,sproc,0,,,,
gravesii,potosina,sproc,sproc,0,,,,
gravesii,striatula,sproc,sproc,0,,,,
gravesii,glabrescens,sproc,sproc,0,,,,
gravesii,rugosa,sproc,sproc,0,,,,
gravesii,greggii,sproc,sproc,0,,,,
gravesii,obtusata,sproc,sproc,0,,,,
gravesii,deserticola,sproc,sproc,0,,,,
gravesii,diversifolia,sproc,sproc,0,,,,
gravesii,glaucoides,sproc,sproc,0,,,,
gravesii,grisea,sproc,sproc,0,,,,
canbyi,fusiformis,sproc,sproc,0,,,,
canbyi,michauxii,sproc,sproc,0,,,,
canbyi,mohriana,sproc,sproc,0,,,,
canbyi,polymorpha,sproc,sproc,0,,,,
canbyi,laceyi,sproc,sproc,0,,,,
canbyi,vaseyana,sproc,sproc,0,,,,
canbyi,pungens,sproc,sproc,0,,,,
canbyi,sinuata,sproc,sproc,0,,,,
canbyi,martinezii,sproc,sproc,0,,,,
canbyi,germana,sproc,sproc,0,,,,
canbyi,lancifolia,sproc,sproc,0,,,,
canbyi,insignis,sproc,sproc,0,,,,
canbyi,corrugata,sproc,sproc,0,,,,
canbyi,liebmanii,sproc,sproc,0,,,,
canbyi,glaucescens,sproc,sproc,0,,,,
canbyi,magnoliifolia,sproc,sproc,0,,,,
canbyi,resinosa,sproc,sproc,0,,,,
canbyi,subspathulata,sproc,sproc,0,,,,
canbyi,potosina,sproc,sproc,0,,,,
canbyi,striatula,sproc,sproc,0,,,,
canbyi,glabrescens,sproc,sproc,0,,,,
canbyi,rugosa,sproc,sproc,0,,,,
canbyi,greggii,sproc,sproc,0,,,,
canbyi,obtusata,sproc,sproc,0,,,,
canbyi,peduncularis,sproc,sproc,0,,,,
canbyi,deserticola,sproc,sproc,0,,,,
canbyi,diversifolia,sproc,sproc,0,,,,
canbyi,glaucoides,sproc,sproc,0,,,,
canbyi,grisea,sproc,sproc,0,,,,
gentryi,polymorpha,sproc,sproc,0,,,,
gentryi,laceyi,sproc,sproc,0,,,,
gentryi,pungens,sproc,sproc,0,,,,
gentryi,martinezii,sproc,sproc,0,,,,
gentryi,germana,sproc,sproc,0,,,,
gentryi,lancifolia,sproc,sproc,0,,,,
gentryi,insignis,sproc,sproc,0,,,,
gentryi,corrugata,sproc,sproc,0,,,,
gentryi,liebmanii,sproc,sproc,0,,,,
gentryi,glaucescens,sproc,sproc,0,,,,
gentryi,magnoliifolia,sproc,sproc,0,,,,
gentryi,resinosa,sproc,sproc,0,,,,
gentryi,subspathulata,sproc,sproc,0,,,,
gentryi,potosina,sproc,sproc,0,,,,
gentryi,striatula,sproc,sproc,0,,,,
gentryi,glabrescens,sproc,sproc,0,,,,
gentryi,rugosa,sproc,sproc,0,,,,
gentryi,greggii,sproc,sproc,0,,,,
gentryi,obtusata,sproc,sproc,0,,,,
gentryi,peduncularis,sproc,sproc,0,,,,
gentryi,deserticola,sproc,sproc,0,,,,
gentryi,diversifolia,sproc,sproc,0,,,,
gentryi,glaucoides,sproc,sproc,0,,,,
gentryi,chihuahuensis,sproc,sproc,0,,,,
castanea,polymorpha,sproc,sproc,0,,,,
castanea,laceyi,sproc,sproc,0,,,,
castanea,vaseyana,sproc,sproc,0,,,,
castanea,pungens,sproc,sproc,0,,,,
castanea,sinuata,sproc,sproc,0,,,,
castanea,martinezii,sproc,sproc,0,,,,
castanea,germana,sproc,sproc,0,,,,
castanea,lancifolia,sproc,sproc,0,,,,
castanea,insignis,sproc,sproc,0,,,,
castanea,corrugata,sproc,sproc,0,,,,
castanea,copeyensis,sproc,sproc,0,,,,
castanea,liebmanii,sproc,sproc,0,,,,
castanea,glaucescens,sproc,sproc,0,,,,
castanea,magnoliifolia,sproc,sproc,0,,,,
castanea,resinosa,sproc,sproc,0,,,,
castanea,subspathulata,sproc,sproc,0,,,,
castanea,segoviensis,sproc,sproc,0,,,,
castanea,potosina,sproc,sproc,0,,,,
castanea,striatula,sproc,sproc,0,,,,
castanea,glabrescens,sproc,sproc,0,,,,
castanea,rugosa,sproc,sproc,0,,,,
castanea,greggii,sproc,sproc,0,,,,
castanea,obtusata,sproc,sproc,0,,,,
castanea,peduncularis,sproc,sproc,0,,,,
castanea,deserticola,sproc,sproc,0,,,,
castanea,diversifolia,sproc,sproc,0,,,,
castanea,glaucoides,sproc,sproc,0,,,,
castanea,chihuahuensis,sproc,sproc,0,,,,
crassipes,polymorpha,sproc,sproc,0,,,,
crassipes,laceyi,sproc,sproc,0,,,,
crassipes,vaseyana,sproc,sproc,0,,,,
crassipes,pungens,sproc,sproc,0,,,,
crassipes,sinuata,sproc,sproc,0,,,,
crassipes,martinezii,sproc,sproc,0,,,,
crassipes,germana,sproc,sproc,0,,,,
crassipes,lancifolia,sproc,sproc,0,,,,
crassipes,insignis,sproc,sproc,0,,,,
crassipes,corrugata,sproc,sproc,0,,,,
crassipes,copeyensis,sproc,sproc,0,,,,
crassipes,liebmanii,sproc,sproc,0,,,,
crassipes,glaucescens,sproc,sproc,0,,,,
crassipes,magnoliifolia,sproc,sproc,0,,,,
crassipes,resinosa,sproc,sproc,0,,,,
crassipes,subspathulata,sproc,sproc,0,,,,
crassipes,segoviensis,sproc,sproc,0,,,,
crassipes,potosina,sproc,sproc,0,,,,
crassipes,striatula,sproc,sproc,0,,,,
crassipes,glabrescens,sproc,sproc,0,,,,
crassipes,rugosa,sproc,sproc,0,,,,
crassipes,greggii,sproc,sproc,0,,,,
crassipes,obtusata,sproc,sproc,0,,,,
crassipes,peduncularis,sproc,sproc,0,,,,
crassipes,deserticola,sproc,sproc,0,,,,
crassipes,diversifolia,sproc,sproc,0,,,,
crassipes,glaucoides,sproc,sproc,0,,,,
crassipes,grisea,sproc,sproc,0,,,,
crassipes,chihuahuensis,sproc,sproc,0,,,,
crassipes,oblongifolia,sproc,sproc,0,,,,
crassipes,toumeyi,sproc,sproc,0,,,,
grahamii,fusiformis,sproc,sproc,0,,,,
grahamii,polymorpha,sproc,sproc,0,,,,
grahamii,laceyi,sproc,sproc,0,,,,
grahamii,vaseyana,sproc,sproc,0,,,,
grahamii,pungens,sproc,sproc,0,,,,
grahamii,sinuata,sproc,sproc,0,,,,
grahamii,martinezii,sproc,sproc,0,,,,
grahamii,germana,sproc,sproc,0,,,,
grahamii,lancifolia,sproc,sproc,0,,,,
grahamii,insignis,sproc,sproc,0,,,,
grahamii,corrugata,sproc,sproc,0,,,,
grahamii,copeyensis,sproc,sproc,0,,,,
grahamii,liebmanii,sproc,sproc,0,,,,
grahamii,glaucescens,sproc,sproc,0,,,,
grahamii,magnoliifolia,sproc,sproc,0,,,,
grahamii,resinosa,sproc,sproc,0,,,,
grahamii,subspathulata,sproc,sproc,0,,,,
grahamii,segoviensis,sproc,sproc,0,,,,
grahamii,potosina,sproc,sproc,0,,,,
grahamii,striatula,sproc,sproc,0,,,,
grahamii,glabrescens,sproc,sproc,0,,,,
grahamii,rugosa,sproc,sproc,0,,,,
grahamii,greggii,sproc,sproc,0,,,,
grahamii,obtusata,sproc,sproc,0,,,,
grahamii,peduncularis,sproc,sproc,0,,,,
grahamii,deserticola,sproc,sproc,0,,,,
grahamii,diversifolia,sproc,sproc,0,,,,
grahamii,glaucoides,sproc,sproc,0,,,,
grahamii,chihuahuensis,sproc,sproc,0,,,,
mexicana,fusiformis,sproc,sproc,0,,,,
mexicana,polymorpha,sproc,sproc,0,,,,
mexicana,laceyi,sproc,sproc,0,,,,
mexicana,vaseyana,sproc,sproc,0,,,,
mexicana,pungens,sproc,sproc,0,,,,
mexicana,sinuata,sproc,sproc,0,,,,
mexicana,martinezii,sproc,sproc,0,,,,
mexicana,germana,sproc,sproc,0,,,,
mexicana,lancifolia,sproc,sproc,0,,,,
mexicana,insignis,sproc,sproc,0,,,,
mexicana,corrugata,sproc,sproc,0,,,,
mexicana,copeyensis,sproc,sproc,0,,,,
mexicana,liebmanii,sproc,sproc,0,,,,
mexicana,glaucescens,sproc,sproc,0,,,,
mexicana,magnoliifolia,sproc,sproc,0,,,,
mexicana,resinosa,sproc,sproc,0,,,,
mexicana,subspathulata,sproc,sproc,0,,,,
mexicana,segoviensis,sproc,sproc,0,,,,
mexicana,potosina,sproc,sproc,0,,,,
mexicana,striatula,sproc,sproc,0,,,,
mexicana,glabrescens,sproc,sproc,0,,,,
mexicana,rugosa,sproc,sproc,0,,,,
mexicana,greggii,sproc,sproc,0,,,,
mexicana,obtusata,sproc,sproc,0,,,,
mexicana,peduncularis,sproc,sproc,0,,,,
mexicana,deserticola,sproc,sproc,0,,,,
mexicana,diversifolia,sproc,sproc,0,,,,
mexicana,glaucoides,sproc,sproc,0,,,,
mexicana,chihuahuensis,sproc,sproc,0,,,,
mexicana,toumeyi,sproc,sproc,0,,,,
affinis,fusiformis,sproc,sproc,0,,,,
affinis,mohriana,sproc,sproc,0,,,,
affinis,polymorpha,sproc,sproc,0,,,,
affinis,laceyi,sproc,sproc,0,,,,
affinis,vaseyana,sproc,sproc,0,,,,
affinis,pungens,sproc,sproc,0,,,,
affinis,sinuata,sproc,sproc,0,,,,
affinis,martinezii,sproc,sproc,0,,,,
affinis,germana,sproc,sproc,0,,,,
affinis,lancifolia,sproc,sproc,0,,,,
affinis,insignis,sproc,sproc,0,,,,
affinis,corrugata,sproc,sproc,0,,,,
affinis,copeyensis,sproc,sproc,0,,,,
affinis,liebmanii,sproc,sproc,0,,,,
affinis,glaucescens,sproc,sproc,0,,,,
affinis,magnoliifolia,sproc,sproc,0,,,,
affinis,resinosa,sproc,sproc,0,,,,
affinis,subspathulata,sproc,sproc,0,,,,
affinis,segoviensis,sproc,sproc,0,,,,
affinis,potosina,sproc,sproc,0,,,,
affinis,striatula,sproc,sproc,0,,,,
affinis,glabrescens,sproc,sproc,0,,,,
affinis,rugosa,sproc,sproc,0,,,,
affinis,greggii,sproc,sproc,0,,,,
affinis,obtusata,sproc,sproc,0,,,,
affinis,peduncularis,sproc,sproc,0,,,,
affinis,deserticola,sproc,sproc,0,,,,
affinis,diversifolia,sproc,sproc,0,,,,
affinis,glaucoides,sproc,sproc,0,,,,
affinis,grisea,sproc,sproc,0,,,,
affinis,chihuahuensis,sproc,sproc,0,,,,
affinis,toumeyi,sproc,sproc,0,,,,
laurina,fusiformis,sproc,sproc,0,,,,
laurina,mohriana,sproc,sproc,0,,,,
laurina,polymorpha,sproc,sproc,0,,,,
laurina,laceyi,sproc,sproc,0,,,,
laurina,vaseyana,sproc,sproc,0,,,,
laurina,pungens,sproc,sproc,0,,,,
laurina,sinuata,sproc,sproc,0,,,,
laurina,martinezii,sproc,sproc,0,,,,
laurina,germana,sproc,sproc,0,,,,
laurina,lancifolia,sproc,sproc,0,,,,
laurina,insignis,sproc,sproc,0,,,,
laurina,corrugata,sproc,sproc,0,,,,
laurina,copeyensis,sproc,sproc,0,,,,
laurina,liebmanii,sproc,sproc,0,,,,
laurina,glaucescens,sproc,sproc,0,,,,
laurina,magnoliifolia,sproc,sproc,0,,,,
laurina,resinosa,sproc,sproc,0,,,,
laurina,subspathulata,sproc,sproc,0,,,,
laurina,segoviensis,sproc,sproc,0,,,,
laurina,potosina,sproc,sproc,0,,,,
laurina,striatula,sproc,sproc,0,,,,
laurina,glabrescens,sproc,sproc,0,,,,
laurina,rugosa,sproc,sproc,0,,,,
laurina,greggii,sproc,sproc,0,,,,
laurina,obtusata,sproc,sproc,0,,,,
laurina,peduncularis,sproc,sproc,0,,,,
laurina,deserticola,sproc,sproc,0,,,,
laurina,diversifolia,sproc,sproc,0,,,,
laurina,glaucoides,sproc,sproc,0,,,,
laurina,grisea,sproc,sproc,0,,,,
laurina,chihuahuensis,sproc,sproc,0,,,,
laurina,toumeyi,sproc,sproc,0,,,,
fulva,fusiformis,sproc,sproc,0,,,,
fulva,engelmannii,sproc,sproc,0,,,,
fulva,mohriana,sproc,sproc,0,,,,
fulva,polymorpha,sproc,sproc,0,,,,
fulva,laceyi,sproc,sproc,0,,,,
fulva,vaseyana,sproc,sproc,0,,,,
fulva,pungens,sproc,sproc,0,,,,
fulva,sinuata,sproc,sproc,0,,,,
fulva,martinezii,sproc,sproc,0,,,,
fulva,germana,sproc,sproc,0,,,,
fulva,lancifolia,sproc,sproc,0,,,,
fulva,insignis,sproc,sproc,0,,,,
fulva,corrugata,sproc,sproc,0,,,,
fulva,liebmanii,sproc,sproc,0,,,,
fulva,glaucescens,sproc,sproc,0,,,,
fulva,magnoliifolia,sproc,sproc,0,,,,
fulva,resinosa,sproc,sproc,0,,,,
fulva,subspathulata,sproc,sproc,0,,,,
fulva,segoviensis,sproc,sproc,0,,,,
fulva,potosina,sproc,sproc,0,,,,
fulva,striatula,sproc,sproc,0,,,,
fulva,glabrescens,sproc,sproc,0,,,,
fulva,rugosa,sproc,sproc,0,,,,
fulva,greggii,sproc,sproc,0,,,,
fulva,obtusata,sproc,sproc,0,,,,
fulva,peduncularis,sproc,sproc,0,,,,
fulva,deserticola,sproc,sproc,0,,,,
fulva,diversifolia,sproc,sproc,0,,,,
fulva,glaucoides,sproc,sproc,0,,,,
fulva,grisea,sproc,sproc,0,,,,
fulva,chihuahuensis,sproc,sproc,0,,,,
fulva,oblongifolia,sproc,sproc,0,,,,
fulva,toumeyi,sproc,sproc,0,,,,
eduardi,fusiformis,sproc,sproc,0,,,,
eduardi,polymorpha,sproc,sproc,0,,,,
eduardi,laceyi,sproc,sproc,0,,,,
eduardi,vaseyana,sproc,sproc,0,,,,
eduardi,pungens,sproc,sproc,0,,,,
eduardi,sinuata,sproc,sproc,0,,,,
eduardi,martinezii,sproc,sproc,0,,,,
eduardi,germana,sproc,sproc,0,,,,
eduardi,lancifolia,sproc,sproc,0,,,,
eduardi,insignis,sproc,sproc,0,,,,
eduardi,corrugata,sproc,sproc,0,,,,
eduardi,liebmanii,sproc,sproc,0,,,,
eduardi,glaucescens,sproc,sproc,0,,,,
eduardi,magnoliifolia,sproc,sproc,0,,,,
eduardi,resinosa,sproc,sproc,0,,,,
eduardi,subspathulata,sproc,sproc,0,,,,
eduardi,potosina,sproc,sproc,0,,,,
eduardi,striatula,sproc,sproc,0,,,,
eduardi,glabrescens,sproc,sproc,0,,,,
eduardi,rugosa,sproc,sproc,0,,,,
eduardi,greggii,sproc,sproc,0,,,,
eduardi,obtusata,sproc,sproc,0,,,,
eduardi,peduncularis,sproc,sproc,0,,,,
eduardi,deserticola,sproc,sproc,0,,,,
eduardi,diversifolia,sproc,sproc,0,,,,
eduardi,glaucoides,sproc,sproc,0,,,,
eduardi,chihuahuensis,sproc,sproc,0,,,,
acutifolia,fusiformis,sproc,sproc,0,,,,
acutifolia,polymorpha,sproc,sproc,0,,,,
acutifolia,laceyi,sproc,sproc,0,,,,
acutifolia,vaseyana,sproc,sproc,0,,,,
acutifolia,pungens,sproc,sproc,0,,,,
acutifolia,sinuata,sproc,sproc,0,,,,
acutifolia,martinezii,sproc,sproc,0,,,,
acutifolia,germana,sproc,sproc,0,,,,
acutifolia,lancifolia,sproc,sproc,0,,,,
acutifolia,insignis,sproc,sproc,0,,,,
acutifolia,corrugata,sproc,sproc,0,,,,
acutifolia,copeyensis,sproc,sproc,0,,,,
acutifolia,liebmanii,sproc,sproc,0,,,,
acutifolia,glaucescens,sproc,sproc,0,,,,
acutifolia,magnoliifolia,sproc,sproc,0,,,,
acutifolia,resinosa,sproc,sproc,0,,,,
acutifolia,subspathulata,sproc,sproc,0,,,,
acutifolia,segoviensis,sproc,sproc,0,,,,
acutifolia,potosina,sproc,sproc,0,,,,
acutifolia,striatula,sproc,sproc,0,,,,
acutifolia,glabrescens,sproc,sproc,0,,,,
acutifolia,rugosa,sproc,sproc,0,,,,
acutifolia,greggii,sproc,sproc,0,,,,
acutifolia,obtusata,sproc,sproc,0,,,,
acutifolia,peduncularis,sproc,sproc,0,,,,
acutifolia,deserticola,sproc,sproc,0,,,,
acutifolia,diversifolia,sproc,sproc,0,,,,
acutifolia,glaucoides,sproc,sproc,0,,,,
acutifolia,chihuahuensis,sproc,sproc,0,,,,
scytophylla,polymorpha,sproc,sproc,0,,,,
scytophylla,laceyi,sproc,sproc,0,,,,
scytophylla,vaseyana,sproc,sproc,0,,,,
scytophylla,pungens,sproc,sproc,0,,,,
scytophylla,martinezii,sproc,sproc,0,,,,
scytophylla,germana,sproc,sproc,0,,,,
scytophylla,lancifolia,sproc,sproc,0,,,,
scytophylla,insignis,sproc,sproc,0,,,,
scytophylla,corrugata,sproc,sproc,0,,,,
scytophylla,copeyensis,sproc,sproc,0,,,,
scytophylla,liebmanii,sproc,sproc,0,,,,
scytophylla,glaucescens,sproc,sproc,0,,,,
scytophylla,magnoliifolia,sproc,sproc,0,,,,
scytophylla,resinosa,sproc,sproc,0,,,,
scytophylla,subspathulata,sproc,sproc,0,,,,
scytophylla,segoviensis,sproc,sproc,0,,,,
scytophylla,potosina,sproc,sproc,0,,,,
scytophylla,striatula,sproc,sproc,0,,,,
scytophylla,glabrescens,sproc,sproc,0,,,,
scytophylla,rugosa,sproc,sproc,0,,,,
scytophylla,greggii,sproc,sproc,0,,,,
scytophylla,obtusata,sproc,sproc,0,,,,
scytophylla,peduncularis,sproc,sproc,0,,,,
scytophylla,deserticola,sproc,sproc,0,,,,
scytophylla,diversifolia,sproc,sproc,0,,,,
scytophylla,glaucoides,sproc,sproc,0,,,,
scytophylla,chihuahuensis,sproc,sproc,0,,,,
durifolia,fusiformis,sproc,sproc,0,,,,
durifolia,engelmannii,sproc,sproc,0,,,,
durifolia,mohriana,sproc,sproc,0,,,,
durifolia,polymorpha,sproc,sproc,0,,,,
durifolia,laceyi,sproc,sproc,0,,,,
durifolia,vaseyana,sproc,sproc,0,,,,
durifolia,pungens,sproc,sproc,0,,,,
durifolia,sinuata,sproc,sproc,0,,,,
durifolia,martinezii,sproc,sproc,0,,,,
durifolia,germana,sproc,sproc,0,,,,
durifolia,lancifolia,sproc,sproc,0,,,,
durifolia,magnoliifolia,sproc,sproc,0,,,,
durifolia,resinosa,sproc,sproc,0,,,,
durifolia,subspathulata,sproc,sproc,0,,,,
durifolia,potosina,sproc,sproc,0,,,,
durifolia,striatula,sproc,sproc,0,,,,
durifolia,glabrescens,sproc,sproc,0,,,,
durifolia,rugosa,sproc,sproc,0,,,,
durifolia,greggii,sproc,sproc,0,,,,
durifolia,obtusata,sproc,sproc,0,,,,
durifolia,peduncularis,sproc,sproc,0,,,,
durifolia,deserticola,sproc,sproc,0,,,,
durifolia,diversifolia,sproc,sproc,0,,,,
durifolia,glaucoides,sproc,sproc,0,,,,
durifolia,grisea,sproc,sproc,0,,,,
durifolia,chihuahuensis,sproc,sproc,0,,,,
durifolia,oblongifolia,sproc,sproc,0,,,,
durifolia,toumeyi,sproc,sproc,0,,,,
sideroxyla,fusiformis,sproc,sproc,0,,,,
sideroxyla,engelmannii,sproc,sproc,0,,,,
sideroxyla,mohriana,sproc,sproc,0,,,,
sideroxyla,polymorpha,sproc,sproc,0,,,,
sideroxyla,laceyi,sproc,sproc,0,,,,
sideroxyla,vaseyana,sproc,sproc,0,,,,
sideroxyla,pungens,sproc,sproc,0,,,,
sideroxyla,sinuata,sproc,sproc,0,,,,
sideroxyla,martinezii,sproc,sproc,0,,,,
sideroxyla,germana,sproc,sproc,0,,,,
sideroxyla,lancifolia,sproc,sproc,0,,,,
sideroxyla,insignis,sproc,sproc,0,,,,
sideroxyla,corrugata,sproc,sproc,0,,,,
sideroxyla,liebmanii,sproc,sproc,0,,,,
sideroxyla,glaucescens,sproc,sproc,0,,,,
sideroxyla,magnoliifolia,sproc,sproc,0,,,,
sideroxyla,resinosa,sproc,sproc,0,,,,
sideroxyla,subspathulata,sproc,sproc,0,,,,
sideroxyla,segoviensis,sproc,sproc,0,,,,
sideroxyla,potosina,sproc,sproc,0,,,,
sideroxyla,striatula,sproc,sproc,0,,,,
sideroxyla,glabrescens,sproc,sproc,0,,,,
sideroxyla,rugosa,sproc,sproc,0,,,,
sideroxyla,greggii,sproc,sproc,0,,,,
sideroxyla,obtusata,sproc,sproc,0,,,,
sideroxyla,peduncularis,sproc,sproc,0,,,,
sideroxyla,deserticola,sproc,sproc,0,,,,
sideroxyla,diversifolia,sproc,sproc,0,,,,
sideroxyla,glaucoides,sproc,sproc,0,,,,
sideroxyla,grisea,sproc,sproc,0,,,,
sideroxyla,chihuahuensis,sproc,sproc,0,,,,
sideroxyla,oblongifolia,sproc,sproc,0,,,,
sideroxyla,toumeyi,sproc,sproc,0,,,,
hypoleucoides,palmeri,sproc,sproc,0,,,,
hypoleucoides,chrysolepis,sproc,sproc,0,,,,
hypoleucoides,engelmannii,sproc,sproc,0,,,,
hypoleucoides,michauxii,sproc,sproc,0,,,,
hypoleucoides,mohriana,sproc,sproc,0,,,,
hypoleucoides,polymorpha,sproc,sproc,0,,,,
hypoleucoides,pungens,sproc,sproc,0,,,,
hypoleucoides,sinuata,sproc,sproc,0,,,,
hypoleucoides,subspathulata,sproc,sproc,0,,,,
hypoleucoides,striatula,sproc,sproc,0,,,,
hypoleucoides,rugosa,sproc,sproc,0,,,,
hypoleucoides,greggii,sproc,sproc,0,,,,
hypoleucoides,grisea,sproc,sproc,0,,,,
hypoleucoides,chihuahuensis,sproc,sproc,0,,,,
hypoleucoides,oblongifolia,sproc,sproc,0,,,,
hypoleucoides,toumeyi,sproc,sproc,0,,,,
hypoleucoides,turbinella,sproc,sproc,0,,,,
urbanii,fusiformis,sproc,sproc,0,,,,
urbanii,engelmannii,sproc,sproc,0,,,,
urbanii,mohriana,sproc,sproc,0,,,,
urbanii,polymorpha,sproc,sproc,0,,,,
urbanii,laceyi,sproc,sproc,0,,,,
urbanii,vaseyana,sproc,sproc,0,,,,
urbanii,pungens,sproc,sproc,0,,,,
urbanii,sinuata,sproc,sproc,0,,,,
urbanii,martinezii,sproc,sproc,0,,,,
urbanii,germana,sproc,sproc,0,,,,
urbanii,lancifolia,sproc,sproc,0,,,,
urbanii,insignis,sproc,sproc,0,,,,
urbanii,corrugata,sproc,sproc,0,,,,
urbanii,copeyensis,sproc,sproc,0,,,,
urbanii,liebmanii,sproc,sproc,0,,,,
urbanii,glaucescens,sproc,sproc,0,,,,
urbanii,magnoliifolia,sproc,sproc,0,,,,
urbanii,resinosa,sproc,sproc,0,,,,
urbanii,subspathulata,sproc,sproc,0,,,,
urbanii,segoviensis,sproc,sproc,0,,,,
urbanii,potosina,sproc,sproc,0,,,,
urbanii,striatula,sproc,sproc,0,,,,
urbanii,glabrescens,sproc,sproc,0,,,,
urbanii,rugosa,sproc,sproc,0,,,,
urbanii,greggii,sproc,sproc,0,,,,
urbanii,obtusata,sproc,sproc,0,,,,
urbanii,peduncularis,sproc,sproc,0,,,,
urbanii,deserticola,sproc,sproc,0,,,,
urbanii,diversifolia,sproc,sproc,0,,,,
urbanii,glaucoides,sproc,sproc,0,,,,
urbanii,grisea,sproc,sproc,0,,,,
urbanii,chihuahuensis,sproc,sproc,0,,,,
urbanii,oblongifolia,sproc,sproc,0,,,,
urbanii,toumeyi,sproc,sproc,0,,,,
crassifolia,fusiformis,sproc,sproc,0,,,,
crassifolia,polymorpha,sproc,sproc,0,,,,
crassifolia,laceyi,sproc,sproc,0,,,,
crassifolia,vaseyana,sproc,sproc,0,,,,
crassifolia,pungens,sproc,sproc,0,,,,
crassifolia,sinuata,sproc,sproc,0,,,,
crassifolia,martinezii,sproc,sproc,0,,,,
crassifolia,germana,sproc,sproc,0,,,,
crassifolia,lancifolia,sproc,sproc,0,,,,
crassifolia,insignis,sproc,sproc,0,,,,
crassifolia,corrugata,sproc,sproc,0,,,,
crassifolia,copeyensis,sproc,sproc,0,,,,
crassifolia,liebmanii,sproc,sproc,0,,,,
crassifolia,glaucescens,sproc,sproc,0,,,,
crassifolia,magnoliifolia,sproc,sproc,0,,,,
crassifolia,resinosa,sproc,sproc,0,,,,
crassifolia,subspathulata,sproc,sproc,0,,,,
crassifolia,segoviensis,sproc,sproc,0,,,,
crassifolia,potosina,sproc,sproc,0,,,,
crassifolia,striatula,sproc,sproc,0,,,,
crassifolia,glabrescens,sproc,sproc,0,,,,
crassifolia,rugosa,sproc,sproc,0,,,,
crassifolia,greggii,sproc,sproc,0,,,,
crassifolia,obtusata,sproc,sproc,0,,,,
crassifolia,peduncularis,sproc,sproc,0,,,,
crassifolia,deserticola,sproc,sproc,0,,,,
crassifolia,diversifolia,sproc,sproc,0,,,,
crassifolia,glaucoides,sproc,sproc,0,,,,
crassifolia,chihuahuensis,sproc,sproc,0,,,,
crassifolia,toumeyi,sproc,sproc,0,,,,
emoryi,cedrosensis,sproc,sproc,0,,,,
emoryi,palmeri,sproc,sproc,0,,,,
emoryi,chrysolepis,sproc,sproc,0,,,,
emoryi,engelmannii,sproc,sproc,0,,,,
emoryi,berberidifolia,sproc,sproc,0,,,,
emoryi,cornelius-mulleri,sproc,sproc,0,,,,
emoryi,dumosa,sproc,sproc,0,,,,
emoryi,michauxii,sproc,sproc,0,,,,
emoryi,mohriana,sproc,sproc,0,,,,
emoryi,polymorpha,sproc,sproc,0,,,,
emoryi,laceyi,sproc,sproc,0,,,,
emoryi,vaseyana,sproc,sproc,0,,,,
emoryi,pungens,sproc,sproc,0,,,,
emoryi,sinuata,sproc,sproc,0,,,,
emoryi,magnoliifolia,sproc,sproc,0,,,,
emoryi,resinosa,sproc,sproc,0,,,,
emoryi,subspathulata,sproc,sproc,0,,,,
emoryi,potosina,sproc,sproc,0,,,,
emoryi,striatula,sproc,sproc,0,,,,
emoryi,rugosa,sproc,sproc,0,,,,
emoryi,greggii,sproc,sproc,0,,,,
emoryi,obtusata,sproc,sproc,0,,,,
emoryi,deserticola,sproc,sproc,0,,,,
emoryi,glaucoides,sproc,sproc,0,,,,
emoryi,grisea,sproc,sproc,0,,,,
emoryi,chihuahuensis,sproc,sproc,0,,,,
emoryi,oblongifolia,sproc,sproc,0,,,,
emoryi,toumeyi,sproc,sproc,0,,,,
emoryi,turbinella,sproc,sproc,0,,,,
viminea,engelmannii,sproc,sproc,0,,,,
viminea,mohriana,sproc,sproc,0,,,,
viminea,polymorpha,sproc,sproc,0,,,,
viminea,laceyi,sproc,sproc,0,,,,
viminea,vaseyana,sproc,sproc,0,,,,
viminea,pungens,sproc,sproc,0,,,,
viminea,martinezii,sproc,sproc,0,,,,
viminea,germana,sproc,sproc,0,,,,
viminea,lancifolia,sproc,sproc,0,,,,
viminea,liebmanii,sproc,sproc,0,,,,
viminea,magnoliifolia,sproc,sproc,0,,,,
viminea,resinosa,sproc,sproc,0,,,,
viminea,subspathulata,sproc,sproc,0,,,,
viminea,potosina,sproc,sproc,0,,,,
viminea,striatula,sproc,sproc,0,,,,
viminea,glabrescens,sproc,sproc,0,,,,
viminea,rugosa,sproc,sproc,0,,,,
viminea,greggii,sproc,sproc,0,,,,
viminea,obtusata,sproc,sproc,0,,,,
viminea,peduncularis,sproc,sproc,0,,,,
viminea,deserticola,sproc,sproc,0,,,,
viminea,diversifolia,sproc,sproc,0,,,,
viminea,glaucoides,sproc,sproc,0,,,,
viminea,grisea,sproc,sproc,0,,,,
viminea,chihuahuensis,sproc,sproc,0,,,,
viminea,oblongifolia,sproc,sproc,0,,,,
viminea,toumeyi,sproc,sproc,0,,,,
viminea,turbinella,sproc,sproc,0,,,,
jonesii,fusiformis,sproc,sproc,0,,,,
jonesii,engelmannii,sproc,sproc,0,,,,
jonesii,mohriana,sproc,sproc,0,,,,
jonesii,polymorpha,sproc,sproc,0,,,,
jonesii,laceyi,sproc,sproc,0,,,,
jonesii,vaseyana,sproc,sproc,0,,,,
jonesii,pungens,sproc,sproc,0,,,,
jonesii,sinuata,sproc,sproc,0,,,,
jonesii,martinezii,sproc,sproc,0,,,,
jonesii,germana,sproc,sproc,0,,,,
jonesii,lancifolia,sproc,sproc,0,,,,
jonesii,liebmanii,sproc,sproc,0,,,,
jonesii,glaucescens,sproc,sproc,0,,,,
jonesii,magnoliifolia,sproc,sproc,0,,,,
jonesii,resinosa,sproc,sproc,0,,,,
jonesii,subspathulata,sproc,sproc,0,,,,
jonesii,potosina,sproc,sproc,0,,,,
jonesii,striatula,sproc,sproc,0,,,,
jonesii,glabrescens,sproc,sproc,0,,,,
jonesii,rugosa,sproc,sproc,0,,,,
jonesii,greggii,sproc,sproc,0,,,,
jonesii,obtusata,sproc,sproc,0,,,,
jonesii,peduncularis,sproc,sproc,0,,,,
jonesii,deserticola,sproc,sproc,0,,,,
jonesii,diversifolia,sproc,sproc,0,,,,
jonesii,glaucoides,sproc,sproc,0,,,,
jonesii,grisea,sproc,sproc,0,,,,
jonesii,chihuahuensis,sproc,sproc,0,,,,
jonesii,oblongifolia,sproc,sproc,0,,,,
jonesii,toumeyi,sproc,sproc,0,,,,
aristata,polymorpha,sproc,sproc,0,,,,
aristata,laceyi,sproc,sproc,0,,,,
aristata,vaseyana,sproc,sproc,0,,,,
aristata,pungens,sproc,sproc,0,,,,
aristata,martinezii,sproc,sproc,0,,,,
aristata,germana,sproc,sproc,0,,,,
aristata,lancifolia,sproc,sproc,0,,,,
aristata,insignis,sproc,sproc,0,,,,
aristata,corrugata,sproc,sproc,0,,,,
aristata,copeyensis,sproc,sproc,0,,,,
aristata,liebmanii,sproc,sproc,0,,,,
aristata,glaucescens,sproc,sproc,0,,,,
aristata,magnoliifolia,sproc,sproc,0,,,,
aristata,resinosa,sproc,sproc,0,,,,
aristata,subspathulata,sproc,sproc,0,,,,
aristata,segoviensis,sproc,sproc,0,,,,
aristata,potosina,sproc,sproc,0,,,,
aristata,striatula,sproc,sproc,0,,,,
aristata,glabrescens,sproc,sproc,0,,,,
aristata,rugosa,sproc,sproc,0,,,,
aristata,greggii,sproc,sproc,0,,,,
aristata,obtusata,sproc,sproc,0,,,,
aristata,peduncularis,sproc,sproc,0,,,,
aristata,deserticola,sproc,sproc,0,,,,
aristata,diversifolia,sproc,sproc,0,,,,
aristata,glaucoides,sproc,sproc,0,,,,
aristata,chihuahuensis,sproc,sproc,0,,,,
uxoris,polymorpha,sproc,sproc,0,,,,
uxoris,pungens,sproc,sproc,0,,,,
uxoris,martinezii,sproc,sproc,0,,,,
uxoris,germana,sproc,sproc,0,,,,
uxoris,lancifolia,sproc,sproc,0,,,,
uxoris,insignis,sproc,sproc,0,,,,
uxoris,corrugata,sproc,sproc,0,,,,
uxoris,copeyensis,sproc,sproc,0,,,,
uxoris,liebmanii,sproc,sproc,0,,,,
uxoris,glaucescens,sproc,sproc,0,,,,
uxoris,magnoliifolia,sproc,sproc,0,,,,
uxoris,resinosa,sproc,sproc,0,,,,
uxoris,subspathulata,sproc,sproc,0,,,,
uxoris,segoviensis,sproc,sproc,0,,,,
uxoris,potosina,sproc,sproc,0,,,,
uxoris,glabrescens,sproc,sproc,0,,,,
uxoris,rugosa,sproc,sproc,0,,,,
uxoris,greggii,sproc,sproc,0,,,,
uxoris,obtusata,sproc,sproc,0,,,,
uxoris,peduncularis,sproc,sproc,0,,,,
uxoris,deserticola,sproc,sproc,0,,,,
uxoris,diversifolia,sproc,sproc,0,,,,
uxoris,glaucoides,sproc,sproc,0,,,,
elliptica,polymorpha,sproc,sproc,0,,,,
elliptica,vaseyana,sproc,sproc,0,,,,
elliptica,pungens,sproc,sproc,0,,,,
elliptica,martinezii,sproc,sproc,0,,,,
elliptica,germana,sproc,sproc,0,,,,
elliptica,lancifolia,sproc,sproc,0,,,,
elliptica,insignis,sproc,sproc,0,,,,
elliptica,corrugata,sproc,sproc,0,,,,
elliptica,copeyensis,sproc,sproc,0,,,,
elliptica,liebmanii,sproc,sproc,0,,,,
elliptica,glaucescens,sproc,sproc,0,,,,
elliptica,magnoliifolia,sproc,sproc,0,,,,
elliptica,resinosa,sproc,sproc,0,,,,
elliptica,subspathulata,sproc,sproc,0,,,,
elliptica,segoviensis,sproc,sproc,0,,,,
elliptica,potosina,sproc,sproc,0,,,,
elliptica,striatula,sproc,sproc,0,,,,
elliptica,glabrescens,sproc,sproc,0,,,,
elliptica,rugosa,sproc,sproc,0,,,,
elliptica,greggii,sproc,sproc,0,,,,
elliptica,obtusata,sproc,sproc,0,,,,
elliptica,peduncularis,sproc,sproc,0,,,,
elliptica,deserticola,sproc,sproc,0,,,,
elliptica,diversifolia,sproc,sproc,0,,,,
elliptica,glaucoides,sproc,sproc,0,,,,
elliptica,chihuahuensis,sproc,sproc,0,,,,
benthamii,polymorpha,sproc,sproc,0,,,,
benthamii,germana,sproc,sproc,0,,,,
benthamii,lancifolia,sproc,sproc,0,,,,
benthamii,insignis,sproc,sproc,0,,,,
benthamii,corrugata,sproc,sproc,0,,,,
benthamii,copeyensis,sproc,sproc,0,,,,
benthamii,magnoliifolia,sproc,sproc,0,,,,
benthamii,segoviensis,sproc,sproc,0,,,,
benthamii,glabrescens,sproc,sproc,0,,,,
benthamii,rugosa,sproc,sproc,0,,,,
benthamii,peduncularis,sproc,sproc,0,,,,
benthamii,deserticola,sproc,sproc,0,,,,
benthamii,glaucoides,sproc,sproc,0,,,,
humboldtii,copeyensis,sproc,sproc,0,,,,
eugeniifolia,polymorpha,sproc,sproc,0,,,,
eugeniifolia,pungens,sproc,sproc,0,,,,
eugeniifolia,martinezii,sproc,sproc,0,,,,
eugeniifolia,germana,sproc,sproc,0,,,,
eugeniifolia,lancifolia,sproc,sproc,0,,,,
eugeniifolia,insignis,sproc,sproc,0,,,,
eugeniifolia,corrugata,sproc,sproc,0,,,,
eugeniifolia,copeyensis,sproc,sproc,0,,,,
eugeniifolia,liebmanii,sproc,sproc,0,,,,
eugeniifolia,glaucescens,sproc,sproc,0,,,,
eugeniifolia,magnoliifolia,sproc,sproc,0,,,,
eugeniifolia,subspathulata,sproc,sproc,0,,,,
eugeniifolia,segoviensis,sproc,sproc,0,,,,
eugeniifolia,potosina,sproc,sproc,0,,,,
eugeniifolia,glabrescens,sproc,sproc,0,,,,
eugeniifolia,rugosa,sproc,sproc,0,,,,
eugeniifolia,greggii,sproc,sproc,0,,,,
eugeniifolia,obtusata,sproc,sproc,0,,,,
eugeniifolia,peduncularis,sproc,sproc,0,,,,
eugeniifolia,deserticola,sproc,sproc,0,,,,
eugeniifolia,diversifolia,sproc,sproc,0,,,,
eugeniifolia,glaucoides,sproc,sproc,0,,,,
costaricensis,canariensis,sproc,sproc,0,,,,
costaricensis,lusitanica,sproc,sproc,0,,,,
costaricensis,faginea,sproc,sproc,0,,,,
costaricensis,pyrenaica,sproc,sproc,0,,,,
costaricensis,frainetto,sproc,sproc,0,,,,
costaricensis,polymorpha,sproc,sproc,0,,,,
costaricensis,lancifolia,sproc,sproc,0,,,,
costaricensis,insignis,sproc,sproc,0,,,,
costaricensis,corrugata,sproc,sproc,0,,,,
costaricensis,copeyensis,sproc,sproc,0,,,,
costaricensis,segoviensis,sproc,sproc,0,,,,
costaricensis,rugosa,sproc,sproc,0,,,,
cortesii,polymorpha,sproc,sproc,0,,,,
cortesii,martinezii,sproc,sproc,0,,,,
cortesii,germana,sproc,sproc,0,,,,
cortesii,lancifolia,sproc,sproc,0,,,,
cortesii,insignis,sproc,sproc,0,,,,
cortesii,corrugata,sproc,sproc,0,,,,
cortesii,copeyensis,sproc,sproc,0,,,,
cortesii,liebmanii,sproc,sproc,0,,,,
cortesii,glaucescens,sproc,sproc,0,,,,
cortesii,magnoliifolia,sproc,sproc,0,,,,
cortesii,subspathulata,sproc,sproc,0,,,,
cortesii,segoviensis,sproc,sproc,0,,,,
cortesii,potosina,sproc,sproc,0,,,,
cortesii,glabrescens,sproc,sproc,0,,,,
cortesii,rugosa,sproc,sproc,0,,,,
cortesii,greggii,sproc,sproc,0,,,,
cortesii,obtusata,sproc,sproc,0,,,,
cortesii,peduncularis,sproc,sproc,0,,,,
cortesii,deserticola,sproc,sproc,0,,,,
cortesii,diversifolia,sproc,sproc,0,,,,
cortesii,glaucoides,sproc,sproc,0,,,,
sapotifolia,polymorpha,sproc,sproc,0,,,,
sapotifolia,pungens,sproc,sproc,0,,,,
sapotifolia,martinezii,sproc,sproc,0,,,,
sapotifolia,germana,sproc,sproc,0,,,,
sapotifolia,lancifolia,sproc,sproc,0,,,,
sapotifolia,insignis,sproc,sproc,0,,,,
sapotifolia,corrugata,sproc,sproc,0,,,,
sapotifolia,copeyensis,sproc,sproc,0,,,,
sapotifolia,liebmanii,sproc,sproc,0,,,,
sapotifolia,glaucescens,sproc,sproc,0,,,,
sapotifolia,magnoliifolia,sproc,sproc,0,,,,
sapotifolia,resinosa,sproc,sproc,0,,,,
sapotifolia,subspathulata,sproc,sproc,0,,,,
sapotifolia,segoviensis,sproc,sproc,0,,,,
sapotifolia,potosina,sproc,sproc,0,,,,
sapotifolia,glabrescens,sproc,sproc,0,,,,
sapotifolia,rugosa,sproc,sproc,0,,,,
sapotifolia,greggii,sproc,sproc,0,,,,
sapotifolia,obtusata,sproc,sproc,0,,,,
sapotifolia,peduncularis,sproc,sproc,0,,,,
sapotifolia,deserticola,sproc,sproc,0,,,,
sapotifolia,diversifolia,sproc,sproc,0,,,,
sapotifolia,glaucoides,sproc,sproc,0,,,,
cedrosensis,engelmannii,sproc,sproc,0,,,,
cedrosensis,berberidifolia,sproc,sproc,0,,,,
cedrosensis,cornelius-mulleri,sproc,sproc,0,,,,
cedrosensis,dumosa,sproc,sproc,0,,,,
cedrosensis,oblongifolia,sproc,sproc,0,,,,
cedrosensis,turbinella,sproc,sproc,0,,,,
palmeri,lobata,sproc,sproc,0,,,,
palmeri,garryana,sproc,sproc,0,,,,
palmeri,engelmannii,sproc,sproc,0,,,,
palmeri,durata,sproc,sproc,0,,,,
palmeri,berberidifolia,sproc,sproc,0,,,,
palmeri,douglasii,sproc,sproc,0,,,,
palmeri,john-tuckeri,sproc,sproc,0,,,,
palmeri,cornelius-mulleri,sproc,sproc,0,,,,
palmeri,dumosa,sproc,sproc,0,,,,
palmeri,pungens,sproc,sproc,0,,,,
palmeri,rugosa,sproc,sproc,0,,,,
palmeri,grisea,sproc,sproc,0,,,,
palmeri,oblongifolia,sproc,sproc,0,,,,
palmeri,toumeyi,sproc,sproc,0,,,,
palmeri,turbinella,sproc,sproc,0,,,,
vacciniifolia,sadleriana,sproc,sproc,0,,,,
vacciniifolia,lobata,sproc,sproc,0,,,,
vacciniifolia,garryana,sproc,sproc,0,,,,
vacciniifolia,engelmannii,sproc,sproc,0,,,,
vacciniifolia,durata,sproc,sproc,0,,,,
vacciniifolia,berberidifolia,sproc,sproc,0,,,,
vacciniifolia,douglasii,sproc,sproc,0,,,,
vacciniifolia,dumosa,sproc,sproc,0,,,,
tomentella,lobata,sproc,sproc,0,,,,
tomentella,garryana,sproc,sproc,0,,,,
tomentella,engelmannii,sproc,sproc,0,,,,
tomentella,durata,sproc,sproc,0,,,,
tomentella,berberidifolia,sproc,sproc,0,,,,
tomentella,douglasii,sproc,sproc,0,,,,
tomentella,john-tuckeri,sproc,sproc,0,,,,
tomentella,cornelius-mulleri,sproc,sproc,0,,,,
tomentella,dumosa,sproc,sproc,0,,,,
tomentella,turbinella,sproc,sproc,0,,,,
chrysolepis,sadleriana,sproc,sproc,0,,,,
chrysolepis,lobata,sproc,sproc,0,,,,
chrysolepis,garryana,sproc,sproc,0,,,,
chrysolepis,engelmannii,sproc,sproc,0,,,,
chrysolepis,durata,sproc,sproc,0,,,,
chrysolepis,berberidifolia,sproc,sproc,0,,,,
chrysolepis,douglasii,sproc,sproc,0,,,,
chrysolepis,john-tuckeri,sproc,sproc,0,,,,
chrysolepis,cornelius-mulleri,sproc,sproc,0,,,,
chrysolepis,dumosa,sproc,sproc,0,,,,
chrysolepis,pungens,sproc,sproc,0,,,,
chrysolepis,rugosa,sproc,sproc,0,,,,
chrysolepis,grisea,sproc,sproc,0,,,,
chrysolepis,oblongifolia,sproc,sproc,0,,,,
chrysolepis,toumeyi,sproc,sproc,0,,,,
chrysolepis,turbinella,sproc,sproc,0,,,,
sadleriana,garryana,sproc,sproc,0,,,,
sadleriana,berberidifolia,sproc,sproc,0,,,,
sadleriana,douglasii,sproc,sproc,0,,,,
fusiformis,muehlenbergii,sproc,sproc,0,,,,
fusiformis,michauxii,sproc,sproc,0,,,,
fusiformis,mohriana,sproc,sproc,0,,,,
fusiformis,polymorpha,sproc,sproc,0,,,,
fusiformis,laceyi,sproc,sproc,0,,,,
fusiformis,vaseyana,sproc,sproc,0,,,,
fusiformis,pungens,sproc,sproc,0,,,,
fusiformis,sinuata,sproc,sproc,0,,,,
fusiformis,stellata,sproc,sproc,0,,,,
fusiformis,potosina,sproc,sproc,0,,,,
fusiformis,striatula,sproc,sproc,0,,,,
fusiformis,glabrescens,sproc,sproc,0,,,,
fusiformis,rugosa,sproc,sproc,0,,,,
fusiformis,greggii,sproc,sproc,0,,,,
fusiformis,diversifolia,sproc,sproc,0,,,,
fusiformis,glaucoides,sproc,sproc,0,,,,